0001	0,332171	0,146962	1,000000	0,000000	0,000000
0002	0,210832	0,056131	1,000000	0,036056	0,000000
0003	0,125473	0,005944	1,000000	0,031362	0,000000
0004	0,074442	0,000262	1,000000	0,031300	0,000000
0005	0,045131	0,000000	1,000000	0,031350	0,000000
0006	0,029235	0,000000	1,000000	0,031125	0,000000
0007	0,020727	0,000000	1,000000	0,030869	0,000000
0008	0,016943	0,000000	1,000000	0,031056	0,000000
0009	0,014793	0,000000	1,000000	0,031188	0,000000
0010	0,013039	0,000000	1,000000	0,031688	0,000000
0011	0,012435	0,000000	1,000000	0,031469	0,000000
0012	0,011136	0,000000	1,000000	0,031800	0,000000
0013	0,010306	0,000000	1,000000	0,031331	0,000000
0014	0,009634	0,000000	1,000000	0,031569	0,000000
0015	0,009072	0,000000	1,000000	0,031131	0,000000
0016	0,008898	0,000000	1,000000	0,031488	0,000000
0017	0,008527	0,000000	1,000000	0,031181	0,000000
0018	0,008063	0,000000	1,000000	0,031150	0,000000
0019	0,007848	0,000000	1,000000	0,030762	0,000000
0020	0,007599	0,000000	1,000000	0,031288	0,000000
0021	0,007348	0,000000	1,000000	0,031031	0,000000
0022	0,007029	0,000000	1,000000	0,031294	0,000000
0023	0,006823	0,000000	1,000000	0,031488	0,000000
0024	0,007040	0,000000	1,000000	0,031638	0,000000
0025	0,007024	0,000000	1,000000	0,031438	0,000000
0026	0,006803	0,000000	1,000000	0,031275	0,000000
0027	0,006403	0,000000	1,000000	0,031050	0,000000
0028	0,006301	0,000000	1,000000	0,031262	0,000000
0029	0,006154	0,000000	1,000000	0,031288	0,000000
0030	0,005963	0,000000	1,000000	0,030900	0,000000
0031	0,232789	0,082288	1,000000	0,031044	0,000000
0032	0,138015	0,014788	1,000000	0,031050	0,000000
0033	0,082110	0,000469	1,000000	0,031106	0,000000
0034	0,050211	0,000000	1,000000	0,031031	0,000000
0035	0,032330	0,000000	1,000000	0,031075	0,000000
0036	0,022597	0,000000	1,000000	0,030981	0,000000
0037	0,017703	0,000000	1,000000	0,031381	0,000000
0038	0,015218	0,000000	1,000000	0,031506	0,000000
0039	0,014075	0,000000	1,000000	0,031312	0,000000
0040	0,012790	0,000000	1,000000	0,031288	0,000000
0041	0,011857	0,000000	1,000000	0,031506	0,000000
0042	0,011072	0,000000	1,000000	0,031438	0,000000
0043	0,010699	0,000000	1,000000	0,031525	0,000000
0044	0,009587	0,000000	1,000000	0,031269	0,000000
0045	0,008948	0,000000	1,000000	0,031250	0,000000
0046	0,008640	0,000000	1,000000	0,031256	0,000000
0047	0,008426	0,000000	1,000000	0,031212	0,000000
0048	0,008011	0,000000	1,000000	0,031188	0,000000
0049	0,007901	0,000000	1,000000	0,031150	0,000000
0050	0,007695	0,000000	1,000000	0,030900	0,000000
0051	0,007153	0,000000	1,000000	0,031144	0,000000
0052	0,007024	0,000000	1,000000	0,031169	0,000000
0053	0,006780	0,000000	1,000000	0,031344	0,000000
0054	0,006696	0,000000	1,000000	0,031094	0,000000
0055	0,006877	0,000000	1,000000	0,031450	0,000000
0056	0,006563	0,000000	1,000000	0,031038	0,000000
0057	0,006686	0,000000	1,000000	0,031244	0,000000
0058	0,006610	0,000000	1,000000	0,031281	0,000000
0059	0,006120	0,000000	1,000000	0,030856	0,000000
0060	0,006131	0,000000	1,000000	0,030938	0,000000
0061	0,237488	0,087269	1,000000	0,030988	0,000000
0062	0,141962	0,013912	1,000000	0,031344	0,000000
0063	0,084767	0,000781	1,000000	0,031506	0,000000
0064	0,052001	0,000000	1,000000	0,030962	0,000000
0065	0,033324	0,000000	1,000000	0,031075	0,000000
0066	0,023337	0,000000	1,000000	0,031188	0,000000
0067	0,018159	0,000000	1,000000	0,031244	0,000000
0068	0,015483	0,000000	1,000000	0,031244	0,000000
0069	0,014435	0,000000	1,000000	0,031550	0,000000
0070	0,012869	0,000000	1,000000	0,030756	0,000000
0071	0,011444	0,000000	1,000000	0,031288	0,000000
0072	0,010857	0,000000	1,000000	0,031256	0,000000
0073	0,010047	0,000000	1,000000	0,031038	0,000000
0074	0,009560	0,000000	1,000000	0,031188	0,000000
0075	0,009243	0,000000	1,000000	0,031319	0,000000
0076	0,008776	0,000000	1,000000	0,031100	0,000000
0077	0,008401	0,000000	1,000000	0,031294	0,000000
0078	0,008097	0,000000	1,000000	0,031219	0,000000
0079	0,007999	0,000000	1,000000	0,031250	0,000000
0080	0,007603	0,000000	1,000000	0,031019	0,000000
0081	0,007484	0,000000	1,000000	0,031400	0,000000
0082	0,007263	0,000000	1,000000	0,031294	0,000000
0083	0,006973	0,000000	1,000000	0,031519	0,000000
0084	0,006719	0,000000	1,000000	0,031225	0,000000
0085	0,006731	0,000000	1,000000	0,031162	0,000000
0086	0,006489	0,000000	1,000000	0,031244	0,000000
0087	0,006493	0,000000	1,000000	0,031175	0,000000
0088	0,006390	0,000000	1,000000	0,031312	0,000000
0089	0,006141	0,000000	1,000000	0,031044	0,000000
0090	0,005982	0,000000	1,000000	0,031319	0,000000
0091	0,238464	0,086012	1,000000	0,031225	0,000000
0092	0,142597	0,015606	1,000000	0,031125	0,000000
0093	0,085285	0,000988	1,000000	0,031169	0,000000
0094	0,051727	0,000000	1,000000	0,031150	0,000000
0095	0,033011	0,000000	1,000000	0,031175	0,000000
0096	0,022996	0,000000	1,000000	0,031462	0,000000
0097	0,018072	0,000000	1,000000	0,031362	0,000000
0098	0,015416	0,000000	1,000000	0,031525	0,000000
0099	0,013861	0,000000	1,000000	0,031025	0,000000
0100	0,012580	0,000000	1,000000	0,031494	0,000000
0101	0,011496	0,000000	1,000000	0,031194	0,000000
0102	0,010656	0,000000	1,000000	0,031181	0,000000
0103	0,010337	0,000000	1,000000	0,031794	0,000000
0104	0,009420	0,000000	1,000000	0,031119	0,000000
0105	0,009221	0,000000	1,000000	0,031606	0,000000
0106	0,008693	0,000000	1,000000	0,031194	0,000000
0107	0,008127	0,000000	1,000000	0,030888	0,000000
0108	0,007804	0,000000	1,000000	0,031306	0,000000
0109	0,007615	0,000000	1,000000	0,031431	0,000000
0110	0,007224	0,000000	1,000000	0,031344	0,000000
0111	0,006971	0,000000	1,000000	0,031412	0,000000
0112	0,006718	0,000000	1,000000	0,031156	0,000000
0113	0,006686	0,000000	1,000000	0,031156	0,000000
0114	0,006673	0,000000	1,000000	0,031394	0,000000
0115	0,006276	0,000000	1,000000	0,030969	0,000000
0116	0,006298	0,000000	1,000000	0,031231	0,000000
0117	0,006249	0,000000	1,000000	0,031381	0,000000
0118	0,006078	0,000000	1,000000	0,031081	0,000000
0119	0,005962	0,000000	1,000000	0,031138	0,000000
0120	0,006118	0,000000	1,000000	0,031019	0,000000
0121	0,238187	0,087519	1,000000	0,031588	0,000000
0122	0,141412	0,014475	1,000000	0,030988	0,000000
0123	0,084258	0,000456	1,000000	0,031281	0,000000
0124	0,051125	0,000000	1,000000	0,031519	0,000000
0125	0,032970	0,000000	1,000000	0,031306	0,000000
0126	0,023298	0,000000	1,000000	0,030962	0,000000
0127	0,018277	0,000000	1,000000	0,031519	0,000000
0128	0,015581	0,000000	1,000000	0,031562	0,000000
0129	0,014163	0,000000	1,000000	0,031269	0,000000
0130	0,012592	0,000000	1,000000	0,031169	0,000000
0131	0,011673	0,000000	1,000000	0,031181	0,000000
0132	0,010773	0,000000	1,000000	0,031131	0,000000
0133	0,010208	0,000000	1,000000	0,031356	0,000000
0134	0,010013	0,000000	1,000000	0,031200	0,000000
0135	0,009291	0,000000	1,000000	0,031512	0,000000
0136	0,008602	0,000000	1,000000	0,031400	0,000000
0137	0,008200	0,000000	1,000000	0,031344	0,000000
0138	0,008207	0,000000	1,000000	0,031194	0,000000
0139	0,007720	0,000000	1,000000	0,031269	0,000000
0140	0,007498	0,000000	1,000000	0,031325	0,000000
0141	0,007109	0,000000	1,000000	0,031081	0,000000
0142	0,006959	0,000000	1,000000	0,031281	0,000000
0143	0,007457	0,000000	1,000000	0,031344	0,000000
0144	0,006758	0,000000	1,000000	0,031125	0,000000
0145	0,006632	0,000000	1,000000	0,031025	0,000000
0146	0,006569	0,000000	1,000000	0,030981	0,000000
0147	0,006394	0,000000	1,000000	0,030988	0,000000
0148	0,006218	0,000000	1,000000	0,031525	0,000000
0149	0,006249	0,000000	1,000000	0,031388	0,000000
0150	0,006101	0,000000	1,000000	0,031025	0,000000
0151	0,234480	0,081531	1,000000	0,031475	0,000000
0152	0,138408	0,013644	1,000000	0,031088	0,000000
0153	0,082350	0,000425	1,000000	0,031194	0,000000
0154	0,049719	0,000000	1,000000	0,031050	0,000000
0155	0,031706	0,000000	1,000000	0,031162	0,000000
0156	0,022674	0,000000	1,000000	0,031538	0,000000
0157	0,018146	0,000000	1,000000	0,031119	0,000000
0158	0,015263	0,000000	1,000000	0,031125	0,000000
0159	0,013825	0,000000	1,000000	0,031294	0,000000
0160	0,012589	0,000000	1,000000	0,031681	0,000000
0161	0,011495	0,000000	1,000000	0,031394	0,000000
0162	0,010748	0,000000	1,000000	0,030888	0,000000
0163	0,010470	0,000000	1,000000	0,031394	0,000000
0164	0,009668	0,000000	1,000000	0,030812	0,000000
0165	0,009091	0,000000	1,000000	0,031562	0,000000
0166	0,008531	0,000000	1,000000	0,031269	0,000000
0167	0,008426	0,000000	1,000000	0,031562	0,000000
0168	0,008151	0,000000	1,000000	0,031269	0,000000
0169	0,008020	0,000000	1,000000	0,031431	0,000000
0170	0,007391	0,000000	1,000000	0,031112	0,000000
0171	0,007210	0,000000	1,000000	0,031369	0,000000
0172	0,007110	0,000000	1,000000	0,031619	0,000000
0173	0,006704	0,000000	1,000000	0,031194	0,000000
0174	0,006720	0,000000	1,000000	0,031481	0,000000
0175	0,006473	0,000000	1,000000	0,030994	0,000000
0176	0,006556	0,000000	1,000000	0,031100	0,000000
0177	0,006567	0,000000	1,000000	0,031306	0,000000
0178	0,006323	0,000000	1,000000	0,031338	0,000000
0179	0,006223	0,000000	1,000000	0,031006	0,000000
0180	0,006112	0,000000	1,000000	0,031225	0,000000
0181	0,239367	0,087988	1,000000	0,030775	0,000000
0182	0,143728	0,015481	1,000000	0,031012	0,000000
0183	0,083995	0,000569	1,000000	0,031400	0,000000
0184	0,051224	0,000000	1,000000	0,031838	0,000000
0185	0,032832	0,000000	1,000000	0,031206	0,000000
0186	0,023003	0,000000	1,000000	0,031512	0,000000
0187	0,018167	0,000000	1,000000	0,031231	0,000000
0188	0,015510	0,000000	1,000000	0,031256	0,000000
0189	0,013978	0,000000	1,000000	0,031462	0,000000
0190	0,012502	0,000000	1,000000	0,030869	0,000000
0191	0,011571	0,000000	1,000000	0,031319	0,000000
0192	0,010667	0,000000	1,000000	0,031200	0,000000
0193	0,009879	0,000000	1,000000	0,031112	0,000000
0194	0,009283	0,000000	1,000000	0,031531	0,000000
0195	0,008832	0,000000	1,000000	0,031269	0,000000
0196	0,008538	0,000000	1,000000	0,031175	0,000000
0197	0,008295	0,000000	1,000000	0,030900	0,000000
0198	0,007828	0,000000	1,000000	0,031500	0,000000
0199	0,007734	0,000000	1,000000	0,031238	0,000000
0200	0,007405	0,000000	1,000000	0,031400	0,000000
0201	0,006985	0,000000	1,000000	0,031112	0,000000
0202	0,006878	0,000000	1,000000	0,030938	0,000000
0203	0,006749	0,000000	1,000000	0,031462	0,000000
0204	0,006529	0,000000	1,000000	0,030988	0,000000
0205	0,006534	0,000000	1,000000	0,031312	0,000000
0206	0,006400	0,000000	1,000000	0,031250	0,000000
0207	0,006206	0,000000	1,000000	0,031112	0,000000
0208	0,006250	0,000000	1,000000	0,031100	0,000000
0209	0,006262	0,000000	1,000000	0,031325	0,000000
0210	0,005977	0,000000	1,000000	0,031738	0,000000
0211	0,238254	0,087825	1,000000	0,030831	0,000000
0212	0,142244	0,014175	1,000000	0,031250	0,000000
0213	0,084872	0,000681	1,000000	0,031325	0,000000
0214	0,052195	0,000000	1,000000	0,030938	0,000000
0215	0,033651	0,000000	1,000000	0,031125	0,000000
0216	0,023643	0,000000	1,000000	0,031525	0,000000
0217	0,018137	0,000000	1,000000	0,030931	0,000000
0218	0,015868	0,000000	1,000000	0,030850	0,000000
0219	0,014277	0,000000	1,000000	0,031219	0,000000
0220	0,012839	0,000000	1,000000	0,031375	0,000000
0221	0,012333	0,000000	1,000000	0,031094	0,000000
0222	0,010797	0,000000	1,000000	0,031688	0,000000
0223	0,010335	0,000000	1,000000	0,031494	0,000000
0224	0,009630	0,000000	1,000000	0,031312	0,000000
0225	0,009350	0,000000	1,000000	0,031188	0,000000
0226	0,008647	0,000000	1,000000	0,031231	0,000000
0227	0,008279	0,000000	1,000000	0,031000	0,000000
0228	0,008092	0,000000	1,000000	0,031231	0,000000
0229	0,007671	0,000000	1,000000	0,031212	0,000000
0230	0,007468	0,000000	1,000000	0,031181	0,000000
0231	0,007254	0,000000	1,000000	0,031062	0,000000
0232	0,007262	0,000000	1,000000	0,031288	0,000000
0233	0,007037	0,000000	1,000000	0,031512	0,000000
0234	0,006733	0,000000	1,000000	0,031069	0,000000
0235	0,006510	0,000000	1,000000	0,030794	0,000000
0236	0,006430	0,000000	1,000000	0,031588	0,000000
0237	0,006178	0,000000	1,000000	0,031244	0,000000
0238	0,006358	0,000000	1,000000	0,030944	0,000000
0239	0,006148	0,000000	1,000000	0,031312	0,000000
0240	0,006125	0,000000	1,000000	0,030719	0,000000
0241	0,237554	0,091256	1,000000	0,031375	0,000000
0242	0,141931	0,014412	1,000000	0,031350	0,000000
0243	0,084829	0,000531	1,000000	0,031206	0,000000
0244	0,051944	0,000000	1,000000	0,031488	0,000000
0245	0,033760	0,000000	1,000000	0,031438	0,000000
0246	0,024219	0,000000	1,000000	0,031031	0,000000
0247	0,018506	0,000000	1,000000	0,031025	0,000000
0248	0,015642	0,000000	1,000000	0,031119	0,000000
0249	0,013535	0,000000	1,000000	0,031169	0,000000
0250	0,012560	0,000000	1,000000	0,031088	0,000000
0251	0,011360	0,000000	1,000000	0,031312	0,000000
0252	0,011007	0,000000	1,000000	0,031100	0,000000
0253	0,010302	0,000000	1,000000	0,031100	0,000000
0254	0,009507	0,000000	1,000000	0,031356	0,000000
0255	0,009105	0,000000	1,000000	0,031225	0,000000
0256	0,008775	0,000000	1,000000	0,031206	0,000000
0257	0,008270	0,000000	1,000000	0,031594	0,000000
0258	0,008155	0,000000	1,000000	0,031312	0,000000
0259	0,007799	0,000000	1,000000	0,031125	0,000000
0260	0,007379	0,000000	1,000000	0,031275	0,000000
0261	0,007308	0,000000	1,000000	0,030925	0,000000
0262	0,007101	0,000000	1,000000	0,031394	0,000000
0263	0,007246	0,000000	1,000000	0,031150	0,000000
0264	0,006796	0,000000	1,000000	0,031019	0,000000
0265	0,006761	0,000000	1,000000	0,031656	0,000000
0266	0,006511	0,000000	1,000000	0,030981	0,000000
0267	0,006465	0,000000	1,000000	0,031062	0,000000
0268	0,006436	0,000000	1,000000	0,031419	0,000000
0269	0,006176	0,000000	1,000000	0,030988	0,000000
0270	0,006172	0,000000	1,000000	0,031225	0,000000
0271	0,240010	0,093519	1,000000	0,031306	0,000000
0272	0,144912	0,016838	1,000000	0,031144	0,000000
0273	0,086354	0,000450	1,000000	0,031231	0,000000
0274	0,052373	0,000000	1,000000	0,031288	0,000000
0275	0,033916	0,000000	1,000000	0,031000	0,000000
0276	0,023955	0,000000	1,000000	0,031119	0,000000
0277	0,018748	0,000000	1,000000	0,031069	0,000000
0278	0,015898	0,000000	1,000000	0,031638	0,000000
0279	0,013773	0,000000	1,000000	0,031300	0,000000
0280	0,012238	0,000000	1,000000	0,031275	0,000000
0281	0,011737	0,000000	1,000000	0,031275	0,000000
0282	0,010676	0,000000	1,000000	0,031319	0,000000
0283	0,009893	0,000000	1,000000	0,031250	0,000000
0284	0,009187	0,000000	1,000000	0,031225	0,000000
0285	0,008878	0,000000	1,000000	0,031294	0,000000
0286	0,008602	0,000000	1,000000	0,031562	0,000000
0287	0,008510	0,000000	1,000000	0,031238	0,000000
0288	0,008051	0,000000	1,000000	0,031294	0,000000
0289	0,007634	0,000000	1,000000	0,031131	0,000000
0290	0,007538	0,000000	1,000000	0,031181	0,000000
0291	0,007348	0,000000	1,000000	0,031306	0,000000
0292	0,007328	0,000000	1,000000	0,031081	0,000000
0293	0,006977	0,000000	1,000000	0,031031	0,000000
0294	0,006903	0,000000	1,000000	0,031331	0,000000
0295	0,006840	0,000000	1,000000	0,031406	0,000000
0296	0,006765	0,000000	1,000000	0,031306	0,000000
0297	0,006493	0,000000	1,000000	0,031006	0,000000
0298	0,006388	0,000000	1,000000	0,031144	0,000000
0299	0,006034	0,000000	1,000000	0,031419	0,000000
0300	0,005926	0,000000	1,000000	0,031438	0,000000
0301	0,236919	0,087975	1,000000	0,031038	0,000000
0302	0,141639	0,014775	1,000000	0,031606	0,000000
0303	0,085098	0,000975	1,000000	0,030900	0,000000
0304	0,051751	0,000000	1,000000	0,031394	0,000000
0305	0,033252	0,000000	1,000000	0,031250	0,000000
0306	0,023554	0,000000	1,000000	0,031212	0,000000
0307	0,018364	0,000000	1,000000	0,031275	0,000000
0308	0,015442	0,000000	1,000000	0,031138	0,000000
0309	0,013686	0,000000	1,000000	0,031244	0,000000
0310	0,012203	0,000000	1,000000	0,031250	0,000000
0311	0,011394	0,000000	1,000000	0,031606	0,000000
0312	0,010585	0,000000	1,000000	0,031250	0,000000
0313	0,010328	0,000000	1,000000	0,031150	0,000000
0314	0,009468	0,000000	1,000000	0,030931	0,000000
0315	0,009248	0,000000	1,000000	0,031319	0,000000
0316	0,008541	0,000000	1,000000	0,031112	0,000000
0317	0,008311	0,000000	1,000000	0,031062	0,000000
0318	0,008183	0,000000	1,000000	0,031294	0,000000
0319	0,007930	0,000000	1,000000	0,031350	0,000000
0320	0,007392	0,000000	1,000000	0,031238	0,000000
0321	0,007378	0,000000	1,000000	0,031319	0,000000
0322	0,006943	0,000000	1,000000	0,031044	0,000000
0323	0,006718	0,000000	1,000000	0,031394	0,000000
0324	0,006575	0,000000	1,000000	0,031194	0,000000
0325	0,006358	0,000000	1,000000	0,031006	0,000000
0326	0,006171	0,000000	1,000000	0,031500	0,000000
0327	0,006169	0,000000	1,000000	0,030950	0,000000
0328	0,006077	0,000000	1,000000	0,030956	0,000000
0329	0,005986	0,000000	1,000000	0,031212	0,000000
0330	0,005798	0,000000	1,000000	0,031894	0,000000
0331	0,234572	0,085506	1,000000	0,030931	0,000000
0332	0,139766	0,014300	1,000000	0,031150	0,000000
0333	0,083154	0,000750	1,000000	0,031500	0,000000
0334	0,050667	0,000000	1,000000	0,031444	0,000000
0335	0,032547	0,000000	1,000000	0,031069	0,000000
0336	0,022838	0,000000	1,000000	0,031506	0,000000
0337	0,017772	0,000000	1,000000	0,030844	0,000000
0338	0,015410	0,000000	1,000000	0,031131	0,000000
0339	0,013566	0,000000	1,000000	0,031219	0,000000
0340	0,012581	0,000000	1,000000	0,031256	0,000000
0341	0,011905	0,000000	1,000000	0,031038	0,000000
0342	0,010776	0,000000	1,000000	0,031169	0,000000
0343	0,010032	0,000000	1,000000	0,031525	0,000000
0344	0,009870	0,000000	1,000000	0,031300	0,000000
0345	0,009110	0,000000	1,000000	0,031344	0,000000
0346	0,008554	0,000000	1,000000	0,030956	0,000000
0347	0,008496	0,000000	1,000000	0,031356	0,000000
0348	0,007908	0,000000	1,000000	0,030981	0,000000
0349	0,007714	0,000000	1,000000	0,031031	0,000000
0350	0,007375	0,000000	1,000000	0,030888	0,000000
0351	0,007307	0,000000	1,000000	0,031612	0,000000
0352	0,006992	0,000000	1,000000	0,031412	0,000000
0353	0,006836	0,000000	1,000000	0,030881	0,000000
0354	0,006794	0,000000	1,000000	0,031350	0,000000
0355	0,006607	0,000000	1,000000	0,030888	0,000000
0356	0,006375	0,000000	1,000000	0,030944	0,000000
0357	0,006341	0,000000	1,000000	0,031456	0,000000
0358	0,006290	0,000000	1,000000	0,031544	0,000000
0359	0,006103	0,000000	1,000000	0,031112	0,000000
0360	0,006144	0,000000	1,000000	0,030656	0,000000
0361	0,236976	0,084644	1,000000	0,030869	0,000000
0362	0,142399	0,014900	1,000000	0,031044	0,000000
0363	0,084659	0,000481	1,000000	0,031375	0,000000
0364	0,050969	0,000075	1,000000	0,031838	0,000000
0365	0,032693	0,000000	1,000000	0,031400	0,000000
0366	0,023197	0,000000	1,000000	0,031269	0,000000
0367	0,017784	0,000000	1,000000	0,030981	0,000000
0368	0,015420	0,000000	1,000000	0,031450	0,000000
0369	0,013748	0,000000	1,000000	0,031106	0,000000
0370	0,012485	0,000000	1,000000	0,031050	0,000000
0371	0,011925	0,000000	1,000000	0,031088	0,000000
0372	0,010974	0,000000	1,000000	0,031025	0,000000
0373	0,010346	0,000000	1,000000	0,031212	0,000000
0374	0,009648	0,000000	1,000000	0,031250	0,000000
0375	0,009194	0,000000	1,000000	0,031156	0,000000
0376	0,008757	0,000000	1,000000	0,031644	0,000000
0377	0,008288	0,000000	1,000000	0,031106	0,000000
0378	0,007821	0,000000	1,000000	0,031338	0,000000
0379	0,007594	0,000000	1,000000	0,031625	0,000000
0380	0,007480	0,000000	1,000000	0,030981	0,000000
0381	0,007186	0,000000	1,000000	0,031244	0,000000
0382	0,006855	0,000000	1,000000	0,030994	0,000000
0383	0,006904	0,000000	1,000000	0,031162	0,000000
0384	0,006596	0,000000	1,000000	0,031175	0,000000
0385	0,006396	0,000000	1,000000	0,031375	0,000000
0386	0,006219	0,000000	1,000000	0,031125	0,000000
0387	0,006262	0,000000	1,000000	0,031056	0,000000
0388	0,006119	0,000000	1,000000	0,031494	0,000000
0389	0,006060	0,000000	1,000000	0,031550	0,000000
0390	0,005948	0,000000	1,000000	0,031219	0,000000
0391	0,233288	0,082925	1,000000	0,031025	0,000000
0392	0,138719	0,013612	1,000000	0,030962	0,000000
0393	0,082437	0,001056	1,000000	0,030862	0,000000
0394	0,050220	0,000000	1,000000	0,030969	0,000000
0395	0,032254	0,000000	1,000000	0,030894	0,000000
0396	0,022827	0,000000	1,000000	0,031069	0,000000
0397	0,018139	0,000000	1,000000	0,031225	0,000000
0398	0,015315	0,000000	1,000000	0,030769	0,000000
0399	0,013598	0,000000	1,000000	0,031231	0,000000
0400	0,012524	0,000000	1,000000	0,031419	0,000000
0401	0,012137	0,000000	1,000000	0,031394	0,000000
0402	0,010976	0,000000	1,000000	0,031569	0,000000
0403	0,010056	0,000000	1,000000	0,030831	0,000000
0404	0,009430	0,000000	1,000000	0,030988	0,000000
0405	0,009136	0,000000	1,000000	0,031531	0,000000
0406	0,008783	0,000000	1,000000	0,031631	0,000000
0407	0,008503	0,000000	1,000000	0,032019	0,000000
0408	0,008117	0,000000	1,000000	0,031262	0,000000
0409	0,007842	0,000000	1,000000	0,031262	0,000000
0410	0,007543	0,000000	1,000000	0,031606	0,000000
0411	0,007415	0,000000	1,000000	0,031244	0,000000
0412	0,006973	0,000000	1,000000	0,031275	0,000000
0413	0,006754	0,000000	1,000000	0,031169	0,000000
0414	0,006783	0,000000	1,000000	0,031231	0,000000
0415	0,006636	0,000000	1,000000	0,031069	0,000000
0416	0,006510	0,000000	1,000000	0,031375	0,000000
0417	0,006379	0,000000	1,000000	0,030712	0,000000
0418	0,006240	0,000000	1,000000	0,031500	0,000000
0419	0,006036	0,000000	1,000000	0,031375	0,000000
0420	0,005962	0,000000	1,000000	0,031044	0,000000
0421	0,239438	0,088050	1,000000	0,031669	0,000000
0422	0,142971	0,013850	1,000000	0,031581	0,000000
0423	0,084754	0,000444	1,000000	0,031494	0,000000
0424	0,051648	0,000000	1,000000	0,031406	0,000000
0425	0,033423	0,000000	1,000000	0,031281	0,000000
0426	0,023237	0,000000	1,000000	0,031269	0,000000
0427	0,018543	0,000000	1,000000	0,031112	0,000000
0428	0,015817	0,000000	1,000000	0,031100	0,000000
0429	0,014374	0,000000	1,000000	0,031162	0,000000
0430	0,013146	0,000000	1,000000	0,031169	0,000000
0431	0,012036	0,000000	1,000000	0,031362	0,000000
0432	0,010664	0,000000	1,000000	0,031400	0,000000
0433	0,009728	0,000000	1,000000	0,031525	0,000000
0434	0,009223	0,000000	1,000000	0,031288	0,000000
0435	0,008851	0,000000	1,000000	0,031369	0,000000
0436	0,008285	0,000000	1,000000	0,031156	0,000000
0437	0,008208	0,000000	1,000000	0,031106	0,000000
0438	0,007953	0,000000	1,000000	0,031631	0,000000
0439	0,007659	0,000000	1,000000	0,031138	0,000000
0440	0,007338	0,000000	1,000000	0,031338	0,000000
0441	0,007019	0,000000	1,000000	0,031100	0,000000
0442	0,007100	0,000000	1,000000	0,031144	0,000000
0443	0,007097	0,000000	1,000000	0,031294	0,000000
0444	0,006662	0,000000	1,000000	0,031456	0,000000
0445	0,006556	0,000000	1,000000	0,031188	0,000000
0446	0,006436	0,000000	1,000000	0,031138	0,000000
0447	0,006381	0,000000	1,000000	0,031181	0,000000
0448	0,006331	0,000000	1,000000	0,031581	0,000000
0449	0,006038	0,000000	1,000000	0,031344	0,000000
0450	0,005996	0,000000	1,000000	0,031406	0,000000
0451	0,236935	0,088444	1,000000	0,030981	0,000000
0452	0,142387	0,016294	1,000000	0,031019	0,000000
0453	0,084919	0,000600	1,000000	0,031431	0,000000
0454	0,051468	0,000000	1,000000	0,031475	0,000000
0455	0,032745	0,000000	1,000000	0,031456	0,000000
0456	0,022573	0,000000	1,000000	0,031275	0,000000
0457	0,017716	0,000000	1,000000	0,031100	0,000000
0458	0,015361	0,000000	1,000000	0,031075	0,000000
0459	0,013675	0,000000	1,000000	0,031212	0,000000
0460	0,012696	0,000000	1,000000	0,031562	0,000000
0461	0,011809	0,000000	1,000000	0,031294	0,000000
0462	0,010994	0,000000	1,000000	0,031444	0,000000
0463	0,010360	0,000000	1,000000	0,031000	0,000000
0464	0,009540	0,000000	1,000000	0,031438	0,000000
0465	0,009303	0,000000	1,000000	0,031125	0,000000
0466	0,008659	0,000000	1,000000	0,031231	0,000000
0467	0,008259	0,000000	1,000000	0,031475	0,000000
0468	0,007934	0,000000	1,000000	0,030762	0,000000
0469	0,007780	0,000000	1,000000	0,031006	0,000000
0470	0,007450	0,000000	1,000000	0,031406	0,000000
0471	0,007478	0,000000	1,000000	0,031156	0,000000
0472	0,007363	0,000000	1,000000	0,031138	0,000000
0473	0,007124	0,000000	1,000000	0,031438	0,000000
0474	0,007194	0,000000	1,000000	0,031169	0,000000
0475	0,006887	0,000000	1,000000	0,031019	0,000000
0476	0,006720	0,000000	1,000000	0,031219	0,000000
0477	0,006585	0,000000	1,000000	0,031119	0,000000
0478	0,006414	0,000000	1,000000	0,030975	0,000000
0479	0,006179	0,000000	1,000000	0,031081	0,000000
0480	0,006308	0,000000	1,000000	0,031150	0,000000
0481	0,238434	0,086219	1,000000	0,031000	0,000000
0482	0,141458	0,015575	1,000000	0,031162	0,000000
0483	0,084567	0,000569	1,000000	0,031219	0,000000
0484	0,051289	0,000000	1,000000	0,031175	0,000000
0485	0,032913	0,000000	1,000000	0,031112	0,000000
0486	0,022997	0,000000	1,000000	0,031056	0,000000
0487	0,018111	0,000000	1,000000	0,031081	0,000000
0488	0,015178	0,000000	1,000000	0,031306	0,000000
0489	0,013913	0,000000	1,000000	0,030844	0,000000
0490	0,012611	0,000000	1,000000	0,031700	0,000000
0491	0,011397	0,000000	1,000000	0,031519	0,000000
0492	0,010809	0,000000	1,000000	0,031094	0,000000
0493	0,009787	0,000000	1,000000	0,030925	0,000000
0494	0,009197	0,000000	1,000000	0,031431	0,000000
0495	0,008841	0,000000	1,000000	0,031212	0,000000
0496	0,008450	0,000000	1,000000	0,031481	0,000000
0497	0,008060	0,000000	1,000000	0,031312	0,000000
0498	0,007917	0,000000	1,000000	0,031200	0,000000
0499	0,007526	0,000000	1,000000	0,031044	0,000000
0500	0,007124	0,000000	1,000000	0,031338	0,000000
0501	0,006931	0,000000	1,000000	0,031256	0,000000
0502	0,006877	0,000000	1,000000	0,031150	0,000000
0503	0,006765	0,000000	1,000000	0,031406	0,000000
0504	0,006655	0,000000	1,000000	0,031094	0,000000
0505	0,006441	0,000000	1,000000	0,030825	0,000000
0506	0,006486	0,000000	1,000000	0,031125	0,000000
0507	0,006268	0,000000	1,000000	0,031200	0,000000
0508	0,006125	0,000000	1,000000	0,031012	0,000000
0509	0,006176	0,000000	1,000000	0,030906	0,000000
0510	0,006063	0,000000	1,000000	0,030725	0,000000
0511	0,236190	0,087425	1,000000	0,031138	0,000000
0512	0,141821	0,016962	1,000000	0,031612	0,000000
0513	0,083586	0,000869	1,000000	0,031131	0,000000
0514	0,051018	0,000056	1,000000	0,031131	0,000000
0515	0,032676	0,000000	1,000000	0,031338	0,000000
0516	0,023171	0,000000	1,000000	0,031481	0,000000
0517	0,018116	0,000000	1,000000	0,031075	0,000000
0518	0,015531	0,000000	1,000000	0,031219	0,000000
0519	0,013754	0,000000	1,000000	0,031450	0,000000
0520	0,012429	0,000000	1,000000	0,031300	0,000000
0521	0,011477	0,000000	1,000000	0,031019	0,000000
0522	0,010787	0,000000	1,000000	0,031269	0,000000
0523	0,010572	0,000000	1,000000	0,031400	0,000000
0524	0,009927	0,000000	1,000000	0,031281	0,000000
0525	0,009470	0,000000	1,000000	0,031381	0,000000
0526	0,008916	0,000000	1,000000	0,031181	0,000000
0527	0,008437	0,000000	1,000000	0,031212	0,000000
0528	0,008289	0,000000	1,000000	0,031281	0,000000
0529	0,008030	0,000000	1,000000	0,031344	0,000000
0530	0,007560	0,000000	1,000000	0,031556	0,000000
0531	0,007297	0,000000	1,000000	0,031350	0,000000
0532	0,007181	0,000000	1,000000	0,031331	0,000000
0533	0,006894	0,000000	1,000000	0,030756	0,000000
0534	0,006887	0,000000	1,000000	0,031494	0,000000
0535	0,006493	0,000000	1,000000	0,031369	0,000000
0536	0,006496	0,000000	1,000000	0,031400	0,000000
0537	0,006455	0,000000	1,000000	0,031319	0,000000
0538	0,006138	0,000000	1,000000	0,031038	0,000000
0539	0,005880	0,000000	1,000000	0,031275	0,000000
0540	0,006044	0,000000	1,000000	0,031281	0,000000
0541	0,238259	0,090788	1,000000	0,031188	0,000000
0542	0,143649	0,015288	1,000000	0,031244	0,000000
0543	0,086579	0,000831	1,000000	0,031606	0,000000
0544	0,053334	0,000000	1,000000	0,031619	0,000000
0545	0,033920	0,000000	1,000000	0,031231	0,000000
0546	0,023921	0,000000	1,000000	0,031025	0,000000
0547	0,018783	0,000000	1,000000	0,031369	0,000000
0548	0,016125	0,000000	1,000000	0,031519	0,000000
0549	0,014046	0,000000	1,000000	0,031312	0,000000
0550	0,012513	0,000000	1,000000	0,031381	0,000000
0551	0,011497	0,000000	1,000000	0,031181	0,000000
0552	0,010665	0,000000	1,000000	0,031306	0,000000
0553	0,010388	0,000000	1,000000	0,031312	0,000000
0554	0,010018	0,000000	1,000000	0,031031	0,000000
0555	0,009257	0,000000	1,000000	0,031288	0,000000
0556	0,008879	0,000000	1,000000	0,031656	0,000000
0557	0,008528	0,000000	1,000000	0,031312	0,000000
0558	0,008237	0,000000	1,000000	0,031500	0,000000
0559	0,007861	0,000000	1,000000	0,031094	0,000000
0560	0,007448	0,000000	1,000000	0,031438	0,000000
0561	0,007243	0,000000	1,000000	0,031475	0,000000
0562	0,007317	0,000000	1,000000	0,031638	0,000000
0563	0,007051	0,000000	1,000000	0,031181	0,000000
0564	0,006820	0,000000	1,000000	0,031494	0,000000
0565	0,006860	0,000000	1,000000	0,031344	0,000000
0566	0,006743	0,000000	1,000000	0,031138	0,000000
0567	0,006520	0,000000	1,000000	0,031288	0,000000
0568	0,006493	0,000000	1,000000	0,030994	0,000000
0569	0,006273	0,000000	1,000000	0,031525	0,000000
0570	0,006199	0,000000	1,000000	0,031338	0,000000
0571	0,239686	0,088550	1,000000	0,031219	0,000000
0572	0,143050	0,017738	1,000000	0,030894	0,000000
0573	0,086287	0,000912	1,000000	0,031506	0,000000
0574	0,052511	0,000069	1,000000	0,031275	0,000000
0575	0,033760	0,000000	1,000000	0,030938	0,000000
0576	0,023834	0,000000	1,000000	0,031169	0,000000
0577	0,018716	0,000000	1,000000	0,031212	0,000000
0578	0,016015	0,000000	1,000000	0,031412	0,000000
0579	0,014085	0,000000	1,000000	0,030881	0,000000
0580	0,012891	0,000000	1,000000	0,031300	0,000000
0581	0,011503	0,000000	1,000000	0,031144	0,000000
0582	0,010705	0,000000	1,000000	0,031175	0,000000
0583	0,009931	0,000000	1,000000	0,031225	0,000000
0584	0,009562	0,000000	1,000000	0,030775	0,000000
0585	0,008885	0,000000	1,000000	0,031438	0,000000
0586	0,008797	0,000000	1,000000	0,031344	0,000000
0587	0,008256	0,000000	1,000000	0,031525	0,000000
0588	0,008318	0,000000	1,000000	0,031344	0,000000
0589	0,007622	0,000000	1,000000	0,031150	0,000000
0590	0,007409	0,000000	1,000000	0,031362	0,000000
0591	0,007135	0,000000	1,000000	0,031512	0,000000
0592	0,006930	0,000000	1,000000	0,031456	0,000000
0593	0,006761	0,000000	1,000000	0,031250	0,000000
0594	0,006646	0,000000	1,000000	0,030994	0,000000
0595	0,006620	0,000000	1,000000	0,031200	0,000000
0596	0,006537	0,000000	1,000000	0,031394	0,000000
0597	0,006444	0,000000	1,000000	0,031206	0,000000
0598	0,006362	0,000000	1,000000	0,031075	0,000000
0599	0,006240	0,000000	1,000000	0,031306	0,000000
0600	0,006000	0,000000	1,000000	0,031325	0,000000
0601	0,235777	0,086312	1,000000	0,031069	0,000000
0602	0,140597	0,014644	1,000000	0,031256	0,000000
0603	0,084118	0,000938	1,000000	0,031019	0,000000
0604	0,051135	0,000000	1,000000	0,031375	0,000000
0605	0,033045	0,000000	1,000000	0,031244	0,000000
0606	0,023323	0,000000	1,000000	0,031162	0,000000
0607	0,018076	0,000000	1,000000	0,031262	0,000000
0608	0,015592	0,000000	1,000000	0,031212	0,000000
0609	0,014237	0,000000	1,000000	0,031250	0,000000
0610	0,013060	0,000000	1,000000	0,031350	0,000000
0611	0,011775	0,000000	1,000000	0,031256	0,000000
0612	0,010838	0,000000	1,000000	0,031325	0,000000
0613	0,010127	0,000000	1,000000	0,031444	0,000000
0614	0,009503	0,000000	1,000000	0,031550	0,000000
0615	0,009163	0,000000	1,000000	0,031281	0,000000
0616	0,008919	0,000000	1,000000	0,031219	0,000000
0617	0,008203	0,000000	1,000000	0,031231	0,000000
0618	0,008338	0,000000	1,000000	0,031288	0,000000
0619	0,007958	0,000000	1,000000	0,031556	0,000000
0620	0,007715	0,000000	1,000000	0,031056	0,000000
0621	0,007337	0,000000	1,000000	0,031312	0,000000
0622	0,007183	0,000000	1,000000	0,031362	0,000000
0623	0,006865	0,000000	1,000000	0,031388	0,000000
0624	0,006657	0,000000	1,000000	0,031188	0,000000
0625	0,006572	0,000000	1,000000	0,031612	0,000000
0626	0,006434	0,000000	1,000000	0,031144	0,000000
0627	0,006491	0,000000	1,000000	0,031019	0,000000
0628	0,006280	0,000000	1,000000	0,031188	0,000000
0629	0,006059	0,000000	1,000000	0,031112	0,000000
0630	0,006302	0,000000	1,000000	0,031012	0,000000
0631	0,235945	0,085338	1,000000	0,031056	0,000000
0632	0,141379	0,014100	1,000000	0,031256	0,000000
0633	0,083680	0,000356	1,000000	0,031669	0,000000
0634	0,049531	0,000000	1,000000	0,031238	0,000000
0635	0,032035	0,000000	1,000000	0,031631	0,000000
0636	0,022225	0,000000	1,000000	0,030869	0,000000
0637	0,017951	0,000000	1,000000	0,031294	0,000000
0638	0,015201	0,000000	1,000000	0,031212	0,000000
0639	0,013588	0,000000	1,000000	0,031081	0,000000
0640	0,012975	0,000000	1,000000	0,031325	0,000000
0641	0,011946	0,000000	1,000000	0,030981	0,000000
0642	0,010871	0,000000	1,000000	0,031538	0,000000
0643	0,010414	0,000000	1,000000	0,031294	0,000000
0644	0,009475	0,000000	1,000000	0,031269	0,000000
0645	0,009024	0,000000	1,000000	0,031512	0,000000
0646	0,008632	0,000000	1,000000	0,031344	0,000000
0647	0,008102	0,000000	1,000000	0,031400	0,000000
0648	0,007817	0,000000	1,000000	0,030981	0,000000
0649	0,007587	0,000000	1,000000	0,031431	0,000000
0650	0,007647	0,000000	1,000000	0,031338	0,000000
0651	0,007356	0,000000	1,000000	0,031238	0,000000
0652	0,007252	0,000000	1,000000	0,031062	0,000000
0653	0,006902	0,000000	1,000000	0,031275	0,000000
0654	0,006784	0,000000	1,000000	0,031481	0,000000
0655	0,006473	0,000000	1,000000	0,031262	0,000000
0656	0,006498	0,000000	1,000000	0,031206	0,000000
0657	0,006311	0,000000	1,000000	0,031206	0,000000
0658	0,006160	0,000000	1,000000	0,031375	0,000000
0659	0,006201	0,000000	1,000000	0,031431	0,000000
0660	0,005932	0,000000	1,000000	0,031375	0,000000
0661	0,236140	0,086138	1,000000	0,031269	0,000000
0662	0,141357	0,014138	1,000000	0,031194	0,000000
0663	0,082774	0,000469	1,000000	0,031625	0,000000
0664	0,051059	0,000000	1,000000	0,031362	0,000000
0665	0,033163	0,000000	1,000000	0,030975	0,000000
0666	0,022853	0,000000	1,000000	0,031544	0,000000
0667	0,018275	0,000000	1,000000	0,031400	0,000000
0668	0,015439	0,000000	1,000000	0,031144	0,000000
0669	0,013928	0,000000	1,000000	0,031381	0,000000
0670	0,012937	0,000000	1,000000	0,031412	0,000000
0671	0,011812	0,000000	1,000000	0,031219	0,000000
0672	0,010966	0,000000	1,000000	0,031375	0,000000
0673	0,010313	0,000000	1,000000	0,031012	0,000000
0674	0,009535	0,000000	1,000000	0,031538	0,000000
0675	0,009093	0,000000	1,000000	0,031562	0,000000
0676	0,008726	0,000000	1,000000	0,030994	0,000000
0677	0,008294	0,000000	1,000000	0,031344	0,000000
0678	0,008136	0,000000	1,000000	0,031588	0,000000
0679	0,007703	0,000000	1,000000	0,031062	0,000000
0680	0,007442	0,000000	1,000000	0,031250	0,000000
0681	0,007553	0,000000	1,000000	0,031394	0,000000
0682	0,007297	0,000000	1,000000	0,031638	0,000000
0683	0,007034	0,000000	1,000000	0,031119	0,000000
0684	0,006838	0,000000	1,000000	0,031344	0,000000
0685	0,006625	0,000000	1,000000	0,031119	0,000000
0686	0,006504	0,000000	1,000000	0,031225	0,000000
0687	0,006524	0,000000	1,000000	0,030975	0,000000
0688	0,006479	0,000000	1,000000	0,031262	0,000000
0689	0,006314	0,000000	1,000000	0,031169	0,000000
0690	0,006119	0,000000	1,000000	0,031219	0,000000
0691	0,238153	0,086425	1,000000	0,030938	0,000000
0692	0,140860	0,014019	1,000000	0,031531	0,000000
0693	0,083948	0,000669	1,000000	0,031200	0,000000
0694	0,051288	0,000088	1,000000	0,031212	0,000000
0695	0,032895	0,000000	1,000000	0,031619	0,000000
0696	0,022929	0,000000	1,000000	0,031281	0,000000
0697	0,017736	0,000000	1,000000	0,031169	0,000000
0698	0,015154	0,000000	1,000000	0,031275	0,000000
0699	0,013349	0,000000	1,000000	0,031462	0,000000
0700	0,012624	0,000000	1,000000	0,031412	0,000000
0701	0,011780	0,000000	1,000000	0,031106	0,000000
0702	0,010761	0,000000	1,000000	0,031525	0,000000
0703	0,009957	0,000000	1,000000	0,031375	0,000000
0704	0,009458	0,000000	1,000000	0,031419	0,000000
0705	0,009046	0,000000	1,000000	0,031444	0,000000
0706	0,008762	0,000000	1,000000	0,030944	0,000000
0707	0,008194	0,000000	1,000000	0,031456	0,000000
0708	0,007918	0,000000	1,000000	0,031512	0,000000
0709	0,007628	0,000000	1,000000	0,031288	0,000000
0710	0,007485	0,000000	1,000000	0,031444	0,000000
0711	0,007328	0,000000	1,000000	0,031319	0,000000
0712	0,007107	0,000000	1,000000	0,031275	0,000000
0713	0,006928	0,000000	1,000000	0,031312	0,000000
0714	0,006623	0,000000	1,000000	0,031269	0,000000
0715	0,006707	0,000000	1,000000	0,031212	0,000000
0716	0,006472	0,000000	1,000000	0,031275	0,000000
0717	0,006281	0,000000	1,000000	0,031075	0,000000
0718	0,006053	0,000000	1,000000	0,030812	0,000000
0719	0,006001	0,000000	1,000000	0,031350	0,000000
0720	0,006058	0,000000	1,000000	0,031062	0,000000
0721	0,235475	0,083900	1,000000	0,030906	0,000000
0722	0,139789	0,014362	1,000000	0,031394	0,000000
0723	0,082641	0,000788	1,000000	0,031400	0,000000
0724	0,050966	0,000000	1,000000	0,031225	0,000000
0725	0,032288	0,000000	1,000000	0,031456	0,000000
0726	0,022427	0,000000	1,000000	0,031031	0,000000
0727	0,017431	0,000000	1,000000	0,031019	0,000000
0728	0,015009	0,000000	1,000000	0,031050	0,000000
0729	0,013966	0,000000	1,000000	0,031606	0,000000
0730	0,012206	0,000000	1,000000	0,031131	0,000000
0731	0,011393	0,000000	1,000000	0,031438	0,000000
0732	0,010642	0,000000	1,000000	0,031325	0,000000
0733	0,009928	0,000000	1,000000	0,030962	0,000000
0734	0,009524	0,000000	1,000000	0,031044	0,000000
0735	0,008903	0,000000	1,000000	0,031244	0,000000
0736	0,008844	0,000000	1,000000	0,031012	0,000000
0737	0,008570	0,000000	1,000000	0,031388	0,000000
0738	0,008106	0,000000	1,000000	0,031325	0,000000
0739	0,007598	0,000000	1,000000	0,031125	0,000000
0740	0,007417	0,000000	1,000000	0,030894	0,000000
0741	0,007324	0,000000	1,000000	0,031462	0,000000
0742	0,006967	0,000000	1,000000	0,031269	0,000000
0743	0,006588	0,000000	1,000000	0,031150	0,000000
0744	0,006467	0,000000	1,000000	0,031269	0,000000
0745	0,006235	0,000000	1,000000	0,031125	0,000000
0746	0,006124	0,000000	1,000000	0,031362	0,000000
0747	0,006009	0,000000	1,000000	0,031669	0,000000
0748	0,005877	0,000000	1,000000	0,031000	0,000000
0749	0,005997	0,000000	1,000000	0,031375	0,000000
0750	0,005849	0,000000	1,000000	0,031100	0,000000
0751	0,235442	0,089031	1,000000	0,031081	0,000000
0752	0,140849	0,014656	1,000000	0,031456	0,000000
0753	0,083654	0,000725	1,000000	0,031300	0,000000
0754	0,051064	0,000000	1,000000	0,031800	0,000000
0755	0,032739	0,000000	1,000000	0,031188	0,000000
0756	0,022995	0,000000	1,000000	0,031488	0,000000
0757	0,017538	0,000000	1,000000	0,031138	0,000000
0758	0,015082	0,000000	1,000000	0,031150	0,000000
0759	0,013447	0,000000	1,000000	0,030925	0,000000
0760	0,012212	0,000000	1,000000	0,031294	0,000000
0761	0,011160	0,000000	1,000000	0,031162	0,000000
0762	0,010364	0,000000	1,000000	0,031525	0,000000
0763	0,009855	0,000000	1,000000	0,031325	0,000000
0764	0,009052	0,000000	1,000000	0,031294	0,000000
0765	0,008534	0,000000	1,000000	0,031225	0,000000
0766	0,008120	0,000000	1,000000	0,031844	0,000000
0767	0,008092	0,000000	1,000000	0,031325	0,000000
0768	0,007780	0,000000	1,000000	0,031319	0,000000
0769	0,007430	0,000000	1,000000	0,031206	0,000000
0770	0,007221	0,000000	1,000000	0,031488	0,000000
0771	0,007039	0,000000	1,000000	0,031188	0,000000
0772	0,006788	0,000000	1,000000	0,031431	0,000000
0773	0,006775	0,000000	1,000000	0,031281	0,000000
0774	0,006574	0,000000	1,000000	0,031350	0,000000
0775	0,006550	0,000000	1,000000	0,030800	0,000000
0776	0,006349	0,000000	1,000000	0,031088	0,000000
0777	0,006385	0,000000	1,000000	0,031188	0,000000
0778	0,006178	0,000000	1,000000	0,030794	0,000000
0779	0,006197	0,000000	1,000000	0,031325	0,000000
0780	0,006033	0,000000	1,000000	0,031162	0,000000
0781	0,234712	0,089512	1,000000	0,031550	0,000000
0782	0,139128	0,015169	1,000000	0,031162	0,000000
0783	0,083625	0,000525	1,000000	0,031344	0,000000
0784	0,050920	0,000000	1,000000	0,031525	0,000000
0785	0,032511	0,000000	1,000000	0,031225	0,000000
0786	0,023268	0,000000	1,000000	0,031444	0,000000
0787	0,018235	0,000000	1,000000	0,031206	0,000000
0788	0,015337	0,000000	1,000000	0,030756	0,000000
0789	0,013583	0,000000	1,000000	0,030975	0,000000
0790	0,012405	0,000000	1,000000	0,031219	0,000000
0791	0,011382	0,000000	1,000000	0,031119	0,000000
0792	0,010598	0,000000	1,000000	0,031444	0,000000
0793	0,009804	0,000000	1,000000	0,030900	0,000000
0794	0,009362	0,000000	1,000000	0,030812	0,000000
0795	0,009134	0,000000	1,000000	0,031256	0,000000
0796	0,008451	0,000000	1,000000	0,031538	0,000000
0797	0,007916	0,000000	1,000000	0,031412	0,000000
0798	0,007858	0,000000	1,000000	0,031069	0,000000
0799	0,007434	0,000000	1,000000	0,030806	0,000000
0800	0,007369	0,000000	1,000000	0,031462	0,000000
0801	0,007292	0,000000	1,000000	0,031712	0,000000
0802	0,006997	0,000000	1,000000	0,031138	0,000000
0803	0,006728	0,000000	1,000000	0,031256	0,000000
0804	0,006660	0,000000	1,000000	0,031369	0,000000
0805	0,006478	0,000000	1,000000	0,031244	0,000000
0806	0,006310	0,000000	1,000000	0,031419	0,000000
0807	0,006235	0,000000	1,000000	0,031138	0,000000
0808	0,006071	0,000000	1,000000	0,031306	0,000000
0809	0,005758	0,000000	1,000000	0,030875	0,000000
0810	0,005933	0,000000	1,000000	0,031138	0,000000
0811	0,234607	0,083988	1,000000	0,031188	0,000000
0812	0,137618	0,011856	1,000000	0,031494	0,000000
0813	0,082615	0,000525	1,000000	0,031200	0,000000
0814	0,050690	0,000000	1,000000	0,031188	0,000000
0815	0,033098	0,000000	1,000000	0,031081	0,000000
0816	0,023653	0,000000	1,000000	0,031475	0,000000
0817	0,018518	0,000000	1,000000	0,031275	0,000000
0818	0,015281	0,000000	1,000000	0,030581	0,000000
0819	0,014115	0,000000	1,000000	0,031306	0,000000
0820	0,012959	0,000000	1,000000	0,031406	0,000000
0821	0,012018	0,000000	1,000000	0,031269	0,000000
0822	0,011071	0,000000	1,000000	0,031319	0,000000
0823	0,010358	0,000000	1,000000	0,031100	0,000000
0824	0,009642	0,000000	1,000000	0,031788	0,000000
0825	0,009500	0,000000	1,000000	0,031225	0,000000
0826	0,008786	0,000000	1,000000	0,031100	0,000000
0827	0,008369	0,000000	1,000000	0,030844	0,000000
0828	0,008058	0,000000	1,000000	0,031250	0,000000
0829	0,007672	0,000000	1,000000	0,031231	0,000000
0830	0,007277	0,000000	1,000000	0,031388	0,000000
0831	0,007192	0,000000	1,000000	0,030750	0,000000
0832	0,007110	0,000000	1,000000	0,031431	0,000000
0833	0,006924	0,000000	1,000000	0,031519	0,000000
0834	0,006918	0,000000	1,000000	0,030956	0,000000
0835	0,006650	0,000000	1,000000	0,031275	0,000000
0836	0,006435	0,000000	1,000000	0,031119	0,000000
0837	0,006356	0,000000	1,000000	0,031306	0,000000
0838	0,006214	0,000000	1,000000	0,031175	0,000000
0839	0,006058	0,000000	1,000000	0,031181	0,000000
0840	0,006021	0,000000	1,000000	0,031188	0,000000
0841	0,237240	0,083156	1,000000	0,031256	0,000000
0842	0,143901	0,015931	1,000000	0,031388	0,000000
0843	0,085941	0,000694	1,000000	0,031600	0,000000
0844	0,052406	0,000000	1,000000	0,031206	0,000000
0845	0,034024	0,000000	1,000000	0,031288	0,000000
0846	0,023971	0,000000	1,000000	0,031256	0,000000
0847	0,018867	0,000000	1,000000	0,031200	0,000000
0848	0,016193	0,000000	1,000000	0,031462	0,000000
0849	0,014499	0,000000	1,000000	0,031081	0,000000
0850	0,012666	0,000000	1,000000	0,031075	0,000000
0851	0,011724	0,000000	1,000000	0,031262	0,000000
0852	0,011272	0,000000	1,000000	0,031319	0,000000
0853	0,010372	0,000000	1,000000	0,031281	0,000000
0854	0,009585	0,000000	1,000000	0,031444	0,000000
0855	0,009116	0,000000	1,000000	0,031319	0,000000
0856	0,008713	0,000000	1,000000	0,031200	0,000000
0857	0,008167	0,000000	1,000000	0,031150	0,000000
0858	0,007831	0,000000	1,000000	0,031588	0,000000
0859	0,007602	0,000000	1,000000	0,031425	0,000000
0860	0,007353	0,000000	1,000000	0,030862	0,000000
0861	0,007337	0,000000	1,000000	0,031375	0,000000
0862	0,006915	0,000000	1,000000	0,031425	0,000000
0863	0,006559	0,000000	1,000000	0,030681	0,000000
0864	0,006815	0,000000	1,000000	0,031406	0,000000
0865	0,006574	0,000000	1,000000	0,031194	0,000000
0866	0,006434	0,000000	1,000000	0,031331	0,000000
0867	0,006338	0,000000	1,000000	0,031138	0,000000
0868	0,006125	0,000000	1,000000	0,030856	0,000000
0869	0,005902	0,000000	1,000000	0,031538	0,000000
0870	0,005829	0,000000	1,000000	0,031019	0,000000
0871	0,239911	0,088562	1,000000	0,031281	0,000000
0872	0,143531	0,016094	1,000000	0,031125	0,000000
0873	0,084749	0,000588	1,000000	0,031156	0,000000
0874	0,051411	0,000000	1,000000	0,031350	0,000000
0875	0,033115	0,000000	1,000000	0,031019	0,000000
0876	0,023468	0,000000	1,000000	0,031181	0,000000
0877	0,018555	0,000000	1,000000	0,031044	0,000000
0878	0,015876	0,000000	1,000000	0,030819	0,000000
0879	0,014016	0,000000	1,000000	0,031719	0,000000
0880	0,012522	0,000000	1,000000	0,031406	0,000000
0881	0,011674	0,000000	1,000000	0,031262	0,000000
0882	0,010967	0,000000	1,000000	0,031362	0,000000
0883	0,009964	0,000000	1,000000	0,031344	0,000000
0884	0,009818	0,000000	1,000000	0,031556	0,000000
0885	0,009080	0,000000	1,000000	0,031388	0,000000
0886	0,008504	0,000000	1,000000	0,031144	0,000000
0887	0,008366	0,000000	1,000000	0,031562	0,000000
0888	0,008120	0,000000	1,000000	0,031281	0,000000
0889	0,007855	0,000000	1,000000	0,031169	0,000000
0890	0,007439	0,000000	1,000000	0,031156	0,000000
0891	0,007109	0,000000	1,000000	0,031338	0,000000
0892	0,007094	0,000000	1,000000	0,031594	0,000000
0893	0,006885	0,000000	1,000000	0,031506	0,000000
0894	0,006656	0,000000	1,000000	0,031188	0,000000
0895	0,006600	0,000000	1,000000	0,030762	0,000000
0896	0,006441	0,000000	1,000000	0,031469	0,000000
0897	0,006462	0,000000	1,000000	0,031569	0,000000
0898	0,006260	0,000000	1,000000	0,031138	0,000000
0899	0,006111	0,000000	1,000000	0,031019	0,000000
0900	0,006209	0,000000	1,000000	0,031100	0,000000
0901	0,234731	0,085462	1,000000	0,031475	0,000000
0902	0,139962	0,014506	1,000000	0,031269	0,000000
0903	0,082308	0,000281	1,000000	0,031425	0,000000
0904	0,050288	0,000000	1,000000	0,031281	0,000000
0905	0,032354	0,000000	1,000000	0,031000	0,000000
0906	0,022996	0,000000	1,000000	0,031325	0,000000
0907	0,017903	0,000000	1,000000	0,031300	0,000000
0908	0,015851	0,000000	1,000000	0,031006	0,000000
0909	0,014333	0,000000	1,000000	0,031038	0,000000
0910	0,012890	0,000000	1,000000	0,031512	0,000000
0911	0,011682	0,000000	1,000000	0,031212	0,000000
0912	0,010647	0,000000	1,000000	0,031388	0,000000
0913	0,010129	0,000000	1,000000	0,031275	0,000000
0914	0,009651	0,000000	1,000000	0,031294	0,000000
0915	0,008932	0,000000	1,000000	0,031138	0,000000
0916	0,008654	0,000000	1,000000	0,031100	0,000000
0917	0,008133	0,000000	1,000000	0,031375	0,000000
0918	0,007962	0,000000	1,000000	0,031088	0,000000
0919	0,007555	0,000000	1,000000	0,031425	0,000000
0920	0,007371	0,000000	1,000000	0,031088	0,000000
0921	0,007180	0,000000	1,000000	0,031462	0,000000
0922	0,006991	0,000000	1,000000	0,031144	0,000000
0923	0,006782	0,000000	1,000000	0,031269	0,000000
0924	0,006691	0,000000	1,000000	0,031475	0,000000
0925	0,006650	0,000000	1,000000	0,031475	0,000000
0926	0,006380	0,000000	1,000000	0,031188	0,000000
0927	0,006248	0,000000	1,000000	0,031269	0,000000
0928	0,006101	0,000000	1,000000	0,031144	0,000000
0929	0,006277	0,000000	1,000000	0,031144	0,000000
0930	0,006189	0,000000	1,000000	0,031100	0,000000
0931	0,238569	0,089962	1,000000	0,030850	0,000000
0932	0,143214	0,017981	1,000000	0,031025	0,000000
0933	0,084499	0,000738	1,000000	0,031400	0,000000
0934	0,050947	0,000000	1,000000	0,031238	0,000000
0935	0,032628	0,000000	1,000000	0,030894	0,000000
0936	0,022746	0,000000	1,000000	0,031450	0,000000
0937	0,017870	0,000000	1,000000	0,031162	0,000000
0938	0,015277	0,000000	1,000000	0,031012	0,000000
0939	0,013959	0,000000	1,000000	0,031344	0,000000
0940	0,012179	0,000000	1,000000	0,031488	0,000000
0941	0,011541	0,000000	1,000000	0,031294	0,000000
0942	0,010645	0,000000	1,000000	0,031600	0,000000
0943	0,010108	0,000000	1,000000	0,030831	0,000000
0944	0,009341	0,000000	1,000000	0,031575	0,000000
0945	0,008940	0,000000	1,000000	0,031338	0,000000
0946	0,008367	0,000000	1,000000	0,031431	0,000000
0947	0,008108	0,000000	1,000000	0,031050	0,000000
0948	0,007720	0,000000	1,000000	0,031225	0,000000
0949	0,007798	0,000000	1,000000	0,031200	0,000000
0950	0,007607	0,000000	1,000000	0,031000	0,000000
0951	0,007220	0,000000	1,000000	0,031112	0,000000
0952	0,007104	0,000000	1,000000	0,031556	0,000000
0953	0,007051	0,000000	1,000000	0,031231	0,000000
0954	0,006801	0,000000	1,000000	0,031362	0,000000
0955	0,006589	0,000000	1,000000	0,030825	0,000000
0956	0,006467	0,000000	1,000000	0,030969	0,000000
0957	0,006292	0,000000	1,000000	0,031394	0,000000
0958	0,006276	0,000000	1,000000	0,031244	0,000000
0959	0,006154	0,000000	1,000000	0,031031	0,000000
0960	0,006050	0,000000	1,000000	0,031025	0,000000
0961	0,235910	0,083938	1,000000	0,031431	0,000000
0962	0,141685	0,014788	1,000000	0,030994	0,000000
0963	0,084890	0,000812	1,000000	0,031138	0,000000
0964	0,051484	0,000000	1,000000	0,031288	0,000000
0965	0,033230	0,000000	1,000000	0,031488	0,000000
0966	0,023241	0,000000	1,000000	0,031494	0,000000
0967	0,018283	0,000000	1,000000	0,031331	0,000000
0968	0,015807	0,000000	1,000000	0,030912	0,000000
0969	0,014396	0,000000	1,000000	0,030994	0,000000
0970	0,012847	0,000000	1,000000	0,031375	0,000000
0971	0,011635	0,000000	1,000000	0,031231	0,000000
0972	0,011045	0,000000	1,000000	0,031550	0,000000
0973	0,010260	0,000000	1,000000	0,031225	0,000000
0974	0,009500	0,000000	1,000000	0,031150	0,000000
0975	0,008888	0,000000	1,000000	0,031444	0,000000
0976	0,008427	0,000000	1,000000	0,031025	0,000000
0977	0,008258	0,000000	1,000000	0,031469	0,000000
0978	0,008033	0,000000	1,000000	0,030862	0,000000
0979	0,007651	0,000000	1,000000	0,031156	0,000000
0980	0,007237	0,000000	1,000000	0,031194	0,000000
0981	0,007130	0,000000	1,000000	0,031212	0,000000
0982	0,006887	0,000000	1,000000	0,031088	0,000000
0983	0,006871	0,000000	1,000000	0,031500	0,000000
0984	0,006719	0,000000	1,000000	0,031288	0,000000
0985	0,006734	0,000000	1,000000	0,030862	0,000000
0986	0,006448	0,000000	1,000000	0,031331	0,000000
0987	0,006363	0,000000	1,000000	0,031550	0,000000
0988	0,006110	0,000000	1,000000	0,031000	0,000000
0989	0,006074	0,000000	1,000000	0,031469	0,000000
0990	0,006041	0,000000	1,000000	0,031144	0,000000
0991	0,235745	0,088319	1,000000	0,031419	0,000000
0992	0,139510	0,014000	1,000000	0,031200	0,000000
0993	0,083107	0,000906	1,000000	0,031331	0,000000
0994	0,050887	0,000000	1,000000	0,031700	0,000000
0995	0,032664	0,000000	1,000000	0,031381	0,000000
0996	0,022818	0,000000	1,000000	0,030988	0,000000
0997	0,018259	0,000000	1,000000	0,030962	0,000000
0998	0,015477	0,000000	1,000000	0,031019	0,000000
0999	0,013791	0,000000	1,000000	0,031175	0,000000
1000	0,012461	0,000000	1,000000	0,031194	0,000000
1001	0,011838	0,000000	1,000000	0,031138	0,000000
1002	0,011095	0,000000	1,000000	0,031288	0,000000
1003	0,010014	0,000000	1,000000	0,031231	0,000000
1004	0,009342	0,000000	1,000000	0,031306	0,000000
1005	0,009014	0,000000	1,000000	0,031269	0,000000
1006	0,008555	0,000000	1,000000	0,031425	0,000000
1007	0,008056	0,000000	1,000000	0,031281	0,000000
1008	0,007935	0,000000	1,000000	0,031206	0,000000
1009	0,007681	0,000000	1,000000	0,031062	0,000000
1010	0,007432	0,000000	1,000000	0,031206	0,000000
1011	0,007114	0,000000	1,000000	0,030988	0,000000
1012	0,006789	0,000000	1,000000	0,031050	0,000000
1013	0,006836	0,000000	1,000000	0,031244	0,000000
1014	0,006760	0,000000	1,000000	0,031206	0,000000
1015	0,006538	0,000000	1,000000	0,031506	0,000000
1016	0,006316	0,000000	1,000000	0,030719	0,000000
1017	0,006348	0,000000	1,000000	0,031144	0,000000
1018	0,006185	0,000000	1,000000	0,031525	0,000000
1019	0,006092	0,000000	1,000000	0,031156	0,000000
1020	0,006016	0,000000	1,000000	0,031500	0,000000
1021	0,236835	0,085700	1,000000	0,031550	0,000000
1022	0,141713	0,014075	1,000000	0,031069	0,000000
1023	0,084831	0,000731	1,000000	0,031256	0,000000
1024	0,051652	0,000000	1,000000	0,031088	0,000000
1025	0,033757	0,000000	1,000000	0,031344	0,000000
1026	0,023710	0,000000	1,000000	0,031169	0,000000
1027	0,018414	0,000000	1,000000	0,031575	0,000000
1028	0,015500	0,000000	1,000000	0,031444	0,000000
1029	0,013946	0,000000	1,000000	0,031131	0,000000
1030	0,012715	0,000000	1,000000	0,031250	0,000000
1031	0,011939	0,000000	1,000000	0,031206	0,000000
1032	0,011079	0,000000	1,000000	0,031331	0,000000
1033	0,010324	0,000000	1,000000	0,031338	0,000000
1034	0,009895	0,000000	1,000000	0,031038	0,000000
1035	0,009357	0,000000	1,000000	0,031725	0,000000
1036	0,008554	0,000000	1,000000	0,031006	0,000000
1037	0,008267	0,000000	1,000000	0,031050	0,000000
1038	0,008045	0,000000	1,000000	0,031144	0,000000
1039	0,007815	0,000000	1,000000	0,031056	0,000000
1040	0,007448	0,000000	1,000000	0,031481	0,000000
1041	0,007293	0,000000	1,000000	0,031112	0,000000
1042	0,007034	0,000000	1,000000	0,031525	0,000000
1043	0,006882	0,000000	1,000000	0,031131	0,000000
1044	0,006830	0,000000	1,000000	0,031475	0,000000
1045	0,006494	0,000000	1,000000	0,031425	0,000000
1046	0,006466	0,000000	1,000000	0,031538	0,000000
1047	0,006399	0,000000	1,000000	0,031019	0,000000
1048	0,006371	0,000000	1,000000	0,030931	0,000000
1049	0,006149	0,000000	1,000000	0,031588	0,000000
1050	0,006064	0,000000	1,000000	0,031444	0,000000
1051	0,236890	0,087081	1,000000	0,031144	0,000000
1052	0,143444	0,013519	1,000000	0,031106	0,000000
1053	0,084746	0,001000	1,000000	0,031094	0,000000
1054	0,051519	0,000000	1,000000	0,031256	0,000000
1055	0,032959	0,000000	1,000000	0,031238	0,000000
1056	0,023301	0,000000	1,000000	0,031250	0,000000
1057	0,018417	0,000000	1,000000	0,031156	0,000000
1058	0,015387	0,000000	1,000000	0,031069	0,000000
1059	0,013609	0,000000	1,000000	0,031412	0,000000
1060	0,012309	0,000000	1,000000	0,031338	0,000000
1061	0,011703	0,000000	1,000000	0,031269	0,000000
1062	0,010565	0,000000	1,000000	0,031350	0,000000
1063	0,009964	0,000000	1,000000	0,031350	0,000000
1064	0,009741	0,000000	1,000000	0,031331	0,000000
1065	0,009205	0,000000	1,000000	0,031244	0,000000
1066	0,008435	0,000000	1,000000	0,031050	0,000000
1067	0,008016	0,000000	1,000000	0,031156	0,000000
1068	0,008265	0,000000	1,000000	0,031138	0,000000
1069	0,007953	0,000000	1,000000	0,031181	0,000000
1070	0,007650	0,000000	1,000000	0,031306	0,000000
1071	0,007289	0,000000	1,000000	0,030931	0,000000
1072	0,007191	0,000000	1,000000	0,030781	0,000000
1073	0,006748	0,000000	1,000000	0,031094	0,000000
1074	0,006613	0,000000	1,000000	0,031038	0,000000
1075	0,006606	0,000000	1,000000	0,031375	0,000000
1076	0,006328	0,000000	1,000000	0,031644	0,000000
1077	0,006307	0,000000	1,000000	0,030962	0,000000
1078	0,006351	0,000000	1,000000	0,030950	0,000000
1079	0,006186	0,000000	1,000000	0,031419	0,000000
1080	0,006182	0,000000	1,000000	0,030950	0,000000
1081	0,235042	0,083331	1,000000	0,031281	0,000000
1082	0,139856	0,014588	1,000000	0,031306	0,000000
1083	0,083990	0,000606	1,000000	0,031312	0,000000
1084	0,052229	0,000000	1,000000	0,031056	0,000000
1085	0,033273	0,000000	1,000000	0,030919	0,000000
1086	0,023247	0,000000	1,000000	0,031000	0,000000
1087	0,018171	0,000000	1,000000	0,031312	0,000000
1088	0,015396	0,000000	1,000000	0,031138	0,000000
1089	0,014069	0,000000	1,000000	0,031056	0,000000
1090	0,012680	0,000000	1,000000	0,031712	0,000000
1091	0,011475	0,000000	1,000000	0,031288	0,000000
1092	0,011162	0,000000	1,000000	0,031306	0,000000
1093	0,010132	0,000000	1,000000	0,031200	0,000000
1094	0,009566	0,000000	1,000000	0,031031	0,000000
1095	0,009272	0,000000	1,000000	0,031256	0,000000
1096	0,008747	0,000000	1,000000	0,031544	0,000000
1097	0,008069	0,000000	1,000000	0,030575	0,000000
1098	0,007889	0,000000	1,000000	0,031025	0,000000
1099	0,007814	0,000000	1,000000	0,031112	0,000000
1100	0,007425	0,000000	1,000000	0,031519	0,000000
1101	0,007390	0,000000	1,000000	0,031588	0,000000
1102	0,007173	0,000000	1,000000	0,031144	0,000000
1103	0,006814	0,000000	1,000000	0,031350	0,000000
1104	0,006571	0,000000	1,000000	0,031425	0,000000
1105	0,006444	0,000000	1,000000	0,031000	0,000000
1106	0,006467	0,000000	1,000000	0,031338	0,000000
1107	0,006338	0,000000	1,000000	0,031269	0,000000
1108	0,006282	0,000000	1,000000	0,031369	0,000000
1109	0,006096	0,000000	1,000000	0,031294	0,000000
1110	0,006070	0,000000	1,000000	0,030900	0,000000
1111	0,237710	0,084412	1,000000	0,031250	0,000000
1112	0,141780	0,014575	1,000000	0,031438	0,000000
1113	0,084248	0,000844	1,000000	0,030888	0,000000
1114	0,050536	0,000000	1,000000	0,031075	0,000000
1115	0,032439	0,000000	1,000000	0,031425	0,000000
1116	0,022972	0,000000	1,000000	0,031356	0,000000
1117	0,018351	0,000000	1,000000	0,031425	0,000000
1118	0,015937	0,000000	1,000000	0,031188	0,000000
1119	0,014053	0,000000	1,000000	0,031244	0,000000
1120	0,012755	0,000000	1,000000	0,031388	0,000000
1121	0,011892	0,000000	1,000000	0,031338	0,000000
1122	0,010696	0,000000	1,000000	0,030681	0,000000
1123	0,010156	0,000000	1,000000	0,031325	0,000000
1124	0,009445	0,000000	1,000000	0,031050	0,000000
1125	0,009054	0,000000	1,000000	0,031062	0,000000
1126	0,008840	0,000000	1,000000	0,031269	0,000000
1127	0,008400	0,000000	1,000000	0,031312	0,000000
1128	0,008153	0,000000	1,000000	0,031069	0,000000
1129	0,007606	0,000000	1,000000	0,030975	0,000000
1130	0,007444	0,000000	1,000000	0,031244	0,000000
1131	0,007345	0,000000	1,000000	0,031419	0,000000
1132	0,007069	0,000000	1,000000	0,031156	0,000000
1133	0,007116	0,000000	1,000000	0,031131	0,000000
1134	0,006901	0,000000	1,000000	0,031438	0,000000
1135	0,006648	0,000000	1,000000	0,031219	0,000000
1136	0,006611	0,000000	1,000000	0,031112	0,000000
1137	0,006443	0,000000	1,000000	0,030856	0,000000
1138	0,006313	0,000000	1,000000	0,030950	0,000000
1139	0,006333	0,000000	1,000000	0,031400	0,000000
1140	0,006187	0,000000	1,000000	0,031281	0,000000
1141	0,233659	0,085175	1,000000	0,031219	0,000000
1142	0,137997	0,012731	1,000000	0,031069	0,000000
1143	0,083422	0,000756	1,000000	0,031325	0,000000
1144	0,050931	0,000000	1,000000	0,031244	0,000000
1145	0,032924	0,000000	1,000000	0,031100	0,000000
1146	0,023344	0,000000	1,000000	0,030819	0,000000
1147	0,018098	0,000000	1,000000	0,031394	0,000000
1148	0,015755	0,000000	1,000000	0,030944	0,000000
1149	0,014027	0,000000	1,000000	0,031044	0,000000
1150	0,012641	0,000000	1,000000	0,030725	0,000000
1151	0,011876	0,000000	1,000000	0,031019	0,000000
1152	0,011055	0,000000	1,000000	0,031169	0,000000
1153	0,010236	0,000000	1,000000	0,031294	0,000000
1154	0,009819	0,000000	1,000000	0,031562	0,000000
1155	0,008982	0,000000	1,000000	0,030988	0,000000
1156	0,008825	0,000000	1,000000	0,031150	0,000000
1157	0,008382	0,000000	1,000000	0,031494	0,000000
1158	0,007998	0,000000	1,000000	0,031212	0,000000
1159	0,007632	0,000000	1,000000	0,030869	0,000000
1160	0,007277	0,000000	1,000000	0,031444	0,000000
1161	0,007210	0,000000	1,000000	0,031162	0,000000
1162	0,006872	0,000000	1,000000	0,031262	0,000000
1163	0,006672	0,000000	1,000000	0,031238	0,000000
1164	0,006515	0,000000	1,000000	0,031300	0,000000
1165	0,006480	0,000000	1,000000	0,031256	0,000000
1166	0,006262	0,000000	1,000000	0,031175	0,000000
1167	0,006147	0,000000	1,000000	0,031475	0,000000
1168	0,005978	0,000000	1,000000	0,031531	0,000000
1169	0,006003	0,000000	1,000000	0,031006	0,000000
1170	0,005935	0,000000	1,000000	0,031538	0,000000
1171	0,235292	0,087925	1,000000	0,030975	0,000000
1172	0,140472	0,011488	1,000000	0,031238	0,000000
1173	0,084536	0,000481	1,000000	0,031469	0,000000
1174	0,051389	0,000000	1,000000	0,031406	0,000000
1175	0,033361	0,000000	1,000000	0,031294	0,000000
1176	0,023423	0,000000	1,000000	0,030950	0,000000
1177	0,018660	0,000000	1,000000	0,031375	0,000000
1178	0,016062	0,000000	1,000000	0,031256	0,000000
1179	0,014536	0,000000	1,000000	0,031362	0,000000
1180	0,013030	0,000000	1,000000	0,031294	0,000000
1181	0,011966	0,000000	1,000000	0,031219	0,000000
1182	0,011199	0,000000	1,000000	0,031212	0,000000
1183	0,010609	0,000000	1,000000	0,031094	0,000000
1184	0,010080	0,000000	1,000000	0,031631	0,000000
1185	0,009590	0,000000	1,000000	0,031300	0,000000
1186	0,008927	0,000000	1,000000	0,031031	0,000000
1187	0,008799	0,000000	1,000000	0,031700	0,000000
1188	0,008605	0,000000	1,000000	0,031350	0,000000
1189	0,008274	0,000000	1,000000	0,031281	0,000000
1190	0,008157	0,000000	1,000000	0,031206	0,000000
1191	0,007867	0,000000	1,000000	0,031169	0,000000
1192	0,007631	0,000000	1,000000	0,031519	0,000000
1193	0,007796	0,000000	1,000000	0,031319	0,000000
1194	0,007440	0,000000	1,000000	0,031238	0,000000
1195	0,007141	0,000000	1,000000	0,031300	0,000000
1196	0,006905	0,000000	1,000000	0,030994	0,000000
1197	0,006789	0,000000	1,000000	0,031144	0,000000
1198	0,006697	0,000000	1,000000	0,030988	0,000000
1199	0,006722	0,000000	1,000000	0,031194	0,000000
1200	0,006777	0,000000	1,000000	0,031362	0,000000
1201	0,238939	0,090794	1,000000	0,031156	0,000000
1202	0,143836	0,016888	1,000000	0,031500	0,000000
1203	0,086800	0,000769	1,000000	0,031225	0,000000
1204	0,053009	0,000112	1,000000	0,031038	0,000000
1205	0,034299	0,000112	1,000000	0,031225	0,000000
1206	0,023776	0,000112	1,000000	0,031031	0,000000
1207	0,018802	0,000112	1,000000	0,031612	0,000000
1208	0,016224	0,000112	1,000000	0,031100	0,000000
1209	0,014451	0,000112	1,000000	0,031100	0,000000
1210	0,013078	0,000112	1,000000	0,031394	0,000000
1211	0,012140	0,000112	1,000000	0,031562	0,000000
1212	0,011158	0,000112	1,000000	0,031156	0,000000
1213	0,010668	0,000112	1,000000	0,031031	0,000000
1214	0,010333	0,000112	1,000000	0,030825	0,000000
1215	0,009758	0,000112	1,000000	0,031125	0,000000
1216	0,009120	0,000112	1,000000	0,031619	0,000000
1217	0,008882	0,000112	1,000000	0,031038	0,000000
1218	0,008545	0,000112	1,000000	0,030956	0,000000
1219	0,008333	0,000112	1,000000	0,031069	0,000000
1220	0,007861	0,000112	1,000000	0,031250	0,000000
1221	0,007580	0,000112	1,000000	0,031144	0,000000
1222	0,007548	0,000112	1,000000	0,031294	0,000000
1223	0,007394	0,000112	1,000000	0,031394	0,000000
1224	0,007304	0,000112	1,000000	0,031356	0,000000
1225	0,007221	0,000112	1,000000	0,030850	0,000000
1226	0,007008	0,000112	1,000000	0,031231	0,000000
1227	0,007021	0,000112	1,000000	0,031356	0,000000
1228	0,006866	0,000112	1,000000	0,030994	0,000000
1229	0,006728	0,000112	1,000000	0,031138	0,000000
1230	0,006709	0,000112	1,000000	0,031312	0,000000
1231	0,236942	0,086619	1,000000	0,031000	0,000000
1232	0,140632	0,013712	1,000000	0,031000	0,000000
1233	0,083272	0,000525	1,000000	0,031319	0,000000
1234	0,050929	0,000000	1,000000	0,031350	0,000000
1235	0,032908	0,000000	1,000000	0,031250	0,000000
1236	0,023480	0,000000	1,000000	0,031281	0,000000
1237	0,018428	0,000000	1,000000	0,031106	0,000000
1238	0,015919	0,000000	1,000000	0,031406	0,000000
1239	0,014023	0,000000	1,000000	0,031225	0,000000
1240	0,013229	0,000000	1,000000	0,031194	0,000000
1241	0,012150	0,000000	1,000000	0,031375	0,000000
1242	0,011387	0,000000	1,000000	0,031400	0,000000
1243	0,010680	0,000000	1,000000	0,031562	0,000000
1244	0,009687	0,000000	1,000000	0,031538	0,000000
1245	0,009049	0,000000	1,000000	0,031294	0,000000
1246	0,008503	0,000000	1,000000	0,031369	0,000000
1247	0,008253	0,000000	1,000000	0,031594	0,000000
1248	0,008016	0,000000	1,000000	0,031194	0,000000
1249	0,007941	0,000000	1,000000	0,030981	0,000000
1250	0,007694	0,000000	1,000000	0,030944	0,000000
1251	0,007280	0,000000	1,000000	0,031356	0,000000
1252	0,007213	0,000000	1,000000	0,031225	0,000000
1253	0,007026	0,000000	1,000000	0,031238	0,000000
1254	0,006916	0,000000	1,000000	0,031100	0,000000
1255	0,006616	0,000000	1,000000	0,031144	0,000000
1256	0,006522	0,000000	1,000000	0,031294	0,000000
1257	0,006410	0,000000	1,000000	0,031306	0,000000
1258	0,006464	0,000000	1,000000	0,030775	0,000000
1259	0,006262	0,000000	1,000000	0,031419	0,000000
1260	0,006169	0,000000	1,000000	0,031525	0,000000
1261	0,235681	0,084369	1,000000	0,031406	0,000000
1262	0,140230	0,014188	1,000000	0,031212	0,000000
1263	0,083464	0,000381	1,000000	0,031181	0,000000
1264	0,051390	0,000000	1,000000	0,031194	0,000000
1265	0,032818	0,000000	1,000000	0,031369	0,000000
1266	0,023367	0,000000	1,000000	0,031119	0,000000
1267	0,017875	0,000000	1,000000	0,030819	0,000000
1268	0,015328	0,000000	1,000000	0,031369	0,000000
1269	0,013830	0,000000	1,000000	0,031225	0,000000
1270	0,012982	0,000000	1,000000	0,031100	0,000000
1271	0,011968	0,000000	1,000000	0,031231	0,000000
1272	0,010919	0,000000	1,000000	0,031244	0,000000
1273	0,010026	0,000000	1,000000	0,031319	0,000000
1274	0,009568	0,000000	1,000000	0,031006	0,000000
1275	0,009353	0,000000	1,000000	0,031456	0,000000
1276	0,008523	0,000000	1,000000	0,030969	0,000000
1277	0,008210	0,000000	1,000000	0,031169	0,000000
1278	0,007840	0,000000	1,000000	0,031144	0,000000
1279	0,007600	0,000000	1,000000	0,031506	0,000000
1280	0,007274	0,000000	1,000000	0,031294	0,000000
1281	0,007391	0,000000	1,000000	0,031456	0,000000
1282	0,007048	0,000000	1,000000	0,031438	0,000000
1283	0,006935	0,000000	1,000000	0,030894	0,000000
1284	0,006751	0,000000	1,000000	0,031569	0,000000
1285	0,006540	0,000000	1,000000	0,031188	0,000000
1286	0,006496	0,000000	1,000000	0,030875	0,000000
1287	0,006201	0,000000	1,000000	0,031069	0,000000
1288	0,006218	0,000000	1,000000	0,031338	0,000000
1289	0,006167	0,000000	1,000000	0,030894	0,000000
1290	0,006068	0,000000	1,000000	0,031094	0,000000
1291	0,231849	0,083725	1,000000	0,031106	0,000000
1292	0,138071	0,013138	1,000000	0,031281	0,000000
1293	0,082535	0,000825	1,000000	0,030956	0,000000
1294	0,050095	0,000000	1,000000	0,031062	0,000000
1295	0,032187	0,000000	1,000000	0,031050	0,000000
1296	0,022775	0,000000	1,000000	0,031131	0,000000
1297	0,018006	0,000000	1,000000	0,031350	0,000000
1298	0,015420	0,000000	1,000000	0,030969	0,000000
1299	0,013753	0,000000	1,000000	0,031394	0,000000
1300	0,012622	0,000000	1,000000	0,031294	0,000000
1301	0,012114	0,000000	1,000000	0,031388	0,000000
1302	0,010921	0,000000	1,000000	0,030931	0,000000
1303	0,010096	0,000000	1,000000	0,030788	0,000000
1304	0,009860	0,000000	1,000000	0,031094	0,000000
1305	0,009124	0,000000	1,000000	0,030906	0,000000
1306	0,008947	0,000000	1,000000	0,031094	0,000000
1307	0,008673	0,000000	1,000000	0,031250	0,000000
1308	0,008327	0,000000	1,000000	0,030944	0,000000
1309	0,008012	0,000000	1,000000	0,031531	0,000000
1310	0,007422	0,000000	1,000000	0,031675	0,000000
1311	0,007366	0,000000	1,000000	0,031169	0,000000
1312	0,007206	0,000000	1,000000	0,031400	0,000000
1313	0,007144	0,000000	1,000000	0,031188	0,000000
1314	0,007123	0,000000	1,000000	0,031575	0,000000
1315	0,006837	0,000000	1,000000	0,031125	0,000000
1316	0,006622	0,000000	1,000000	0,031081	0,000000
1317	0,006553	0,000000	1,000000	0,031338	0,000000
1318	0,006473	0,000000	1,000000	0,031312	0,000000
1319	0,006354	0,000000	1,000000	0,031650	0,000000
1320	0,006220	0,000000	1,000000	0,031231	0,000000
1321	0,234068	0,081450	1,000000	0,031500	0,000000
1322	0,139682	0,013725	1,000000	0,031338	0,000000
1323	0,082259	0,000669	1,000000	0,031312	0,000000
1324	0,050753	0,000219	1,000000	0,031231	0,000000
1325	0,033046	0,000000	1,000000	0,031231	0,000000
1326	0,023043	0,000000	1,000000	0,031375	0,000000
1327	0,018091	0,000000	1,000000	0,031244	0,000000
1328	0,015791	0,000000	1,000000	0,031594	0,000000
1329	0,013820	0,000000	1,000000	0,031019	0,000000
1330	0,012968	0,000000	1,000000	0,031550	0,000000
1331	0,011915	0,000000	1,000000	0,031300	0,000000
1332	0,011205	0,000000	1,000000	0,031162	0,000000
1333	0,010236	0,000000	1,000000	0,031481	0,000000
1334	0,009760	0,000000	1,000000	0,031500	0,000000
1335	0,009178	0,000000	1,000000	0,031325	0,000000
1336	0,008362	0,000000	1,000000	0,031400	0,000000
1337	0,008346	0,000000	1,000000	0,031394	0,000000
1338	0,008076	0,000000	1,000000	0,031350	0,000000
1339	0,007684	0,000000	1,000000	0,030969	0,000000
1340	0,007534	0,000000	1,000000	0,031144	0,000000
1341	0,007227	0,000000	1,000000	0,030875	0,000000
1342	0,007229	0,000000	1,000000	0,031219	0,000000
1343	0,007020	0,000000	1,000000	0,031062	0,000000
1344	0,006869	0,000000	1,000000	0,031044	0,000000
1345	0,006661	0,000000	1,000000	0,031062	0,000000
1346	0,006748	0,000000	1,000000	0,031494	0,000000
1347	0,006655	0,000000	1,000000	0,031081	0,000000
1348	0,006444	0,000000	1,000000	0,031262	0,000000
1349	0,006334	0,000000	1,000000	0,031081	0,000000
1350	0,006238	0,000000	1,000000	0,031194	0,000000
1351	0,236352	0,083294	1,000000	0,031400	0,000000
1352	0,139910	0,013000	1,000000	0,031512	0,000000
1353	0,085024	0,000956	1,000000	0,031050	0,000000
1354	0,053040	0,000000	1,000000	0,031644	0,000000
1355	0,034150	0,000000	1,000000	0,031538	0,000000
1356	0,024071	0,000000	1,000000	0,031156	0,000000
1357	0,018701	0,000000	1,000000	0,030919	0,000000
1358	0,015763	0,000000	1,000000	0,031050	0,000000
1359	0,014918	0,000000	1,000000	0,031519	0,000000
1360	0,013322	0,000000	1,000000	0,031219	0,000000
1361	0,012339	0,000000	1,000000	0,031319	0,000000
1362	0,011632	0,000000	1,000000	0,031844	0,000000
1363	0,010611	0,000000	1,000000	0,031375	0,000000
1364	0,010175	0,000000	1,000000	0,031569	0,000000
1365	0,009335	0,000000	1,000000	0,031288	0,000000
1366	0,009033	0,000000	1,000000	0,031225	0,000000
1367	0,008362	0,000000	1,000000	0,030981	0,000000
1368	0,008088	0,000000	1,000000	0,031456	0,000000
1369	0,007876	0,000000	1,000000	0,031325	0,000000
1370	0,007553	0,000000	1,000000	0,031438	0,000000
1371	0,007298	0,000000	1,000000	0,031488	0,000000
1372	0,007232	0,000000	1,000000	0,031131	0,000000
1373	0,007087	0,000000	1,000000	0,031188	0,000000
1374	0,006829	0,000000	1,000000	0,031362	0,000000
1375	0,006712	0,000000	1,000000	0,031181	0,000000
1376	0,006538	0,000000	1,000000	0,031069	0,000000
1377	0,006718	0,000000	1,000000	0,031075	0,000000
1378	0,006527	0,000000	1,000000	0,031269	0,000000
1379	0,006330	0,000000	1,000000	0,030875	0,000000
1380	0,006350	0,000000	1,000000	0,031256	0,000000
1381	0,238204	0,085931	1,000000	0,031169	0,000000
1382	0,142832	0,015719	1,000000	0,031112	0,000000
1383	0,084703	0,001044	1,000000	0,031375	0,000000
1384	0,051088	0,000000	1,000000	0,031081	0,000000
1385	0,032703	0,000000	1,000000	0,031112	0,000000
1386	0,022956	0,000000	1,000000	0,031400	0,000000
1387	0,018045	0,000000	1,000000	0,031212	0,000000
1388	0,015535	0,000000	1,000000	0,031400	0,000000
1389	0,014017	0,000000	1,000000	0,031469	0,000000
1390	0,012668	0,000000	1,000000	0,031069	0,000000
1391	0,011672	0,000000	1,000000	0,031488	0,000000
1392	0,010803	0,000000	1,000000	0,031581	0,000000
1393	0,010270	0,000000	1,000000	0,031181	0,000000
1394	0,009749	0,000000	1,000000	0,030831	0,000000
1395	0,009084	0,000000	1,000000	0,031212	0,000000
1396	0,008740	0,000000	1,000000	0,031181	0,000000
1397	0,008192	0,000000	1,000000	0,031006	0,000000
1398	0,007986	0,000000	1,000000	0,031325	0,000000
1399	0,007579	0,000000	1,000000	0,031156	0,000000
1400	0,007270	0,000000	1,000000	0,031000	0,000000
1401	0,007109	0,000000	1,000000	0,031231	0,000000
1402	0,006996	0,000000	1,000000	0,031050	0,000000
1403	0,006918	0,000000	1,000000	0,031250	0,000000
1404	0,006770	0,000000	1,000000	0,030919	0,000000
1405	0,006536	0,000000	1,000000	0,031538	0,000000
1406	0,006175	0,000000	1,000000	0,030900	0,000000
1407	0,006184	0,000000	1,000000	0,031338	0,000000
1408	0,006216	0,000000	1,000000	0,031469	0,000000
1409	0,006059	0,000000	1,000000	0,031175	0,000000
1410	0,006004	0,000000	1,000000	0,031362	0,000000
1411	0,237094	0,089025	1,000000	0,031388	0,000000
1412	0,141232	0,014194	1,000000	0,031262	0,000000
1413	0,083356	0,000688	1,000000	0,030894	0,000000
1414	0,050016	0,000000	1,000000	0,031362	0,000000
1415	0,031677	0,000000	1,000000	0,031006	0,000000
1416	0,022575	0,000000	1,000000	0,031294	0,000000
1417	0,017677	0,000000	1,000000	0,031631	0,000000
1418	0,014833	0,000000	1,000000	0,030950	0,000000
1419	0,013006	0,000000	1,000000	0,031369	0,000000
1420	0,012271	0,000000	1,000000	0,031175	0,000000
1421	0,011184	0,000000	1,000000	0,031119	0,000000
1422	0,010446	0,000000	1,000000	0,031744	0,000000
1423	0,010016	0,000000	1,000000	0,031825	0,000000
1424	0,009245	0,000000	1,000000	0,031081	0,000000
1425	0,008838	0,000000	1,000000	0,031369	0,000000
1426	0,008630	0,000000	1,000000	0,031119	0,000000
1427	0,008223	0,000000	1,000000	0,031412	0,000000
1428	0,007922	0,000000	1,000000	0,031138	0,000000
1429	0,007893	0,000000	1,000000	0,031231	0,000000
1430	0,007503	0,000000	1,000000	0,031219	0,000000
1431	0,007104	0,000000	1,000000	0,030869	0,000000
1432	0,006883	0,000000	1,000000	0,031300	0,000000
1433	0,006683	0,000000	1,000000	0,031506	0,000000
1434	0,006819	0,000000	1,000000	0,031131	0,000000
1435	0,006632	0,000000	1,000000	0,031488	0,000000
1436	0,006419	0,000000	1,000000	0,031438	0,000000
1437	0,006489	0,000000	1,000000	0,031250	0,000000
1438	0,006498	0,000000	1,000000	0,031344	0,000000
1439	0,006506	0,000000	1,000000	0,031138	0,000000
1440	0,006250	0,000000	1,000000	0,031131	0,000000
1441	0,235254	0,087719	1,000000	0,030950	0,000000
1442	0,140308	0,013956	1,000000	0,031131	0,000000
1443	0,084090	0,000319	1,000000	0,031356	0,000000
1444	0,051218	0,000000	1,000000	0,031544	0,000000
1445	0,032833	0,000000	1,000000	0,031069	0,000000
1446	0,023299	0,000000	1,000000	0,031106	0,000000
1447	0,017996	0,000000	1,000000	0,031294	0,000000
1448	0,015355	0,000000	1,000000	0,031150	0,000000
1449	0,013679	0,000000	1,000000	0,031388	0,000000
1450	0,012891	0,000000	1,000000	0,031431	0,000000
1451	0,011719	0,000000	1,000000	0,031381	0,000000
1452	0,010671	0,000000	1,000000	0,031088	0,000000
1453	0,010052	0,000000	1,000000	0,031250	0,000000
1454	0,009398	0,000000	1,000000	0,031275	0,000000
1455	0,009258	0,000000	1,000000	0,031200	0,000000
1456	0,008269	0,000000	1,000000	0,031569	0,000000
1457	0,008681	0,000000	1,000000	0,031250	0,000000
1458	0,008188	0,000000	1,000000	0,031506	0,000000
1459	0,007620	0,000000	1,000000	0,031006	0,000000
1460	0,007276	0,000000	1,000000	0,031219	0,000000
1461	0,006942	0,000000	1,000000	0,031725	0,000000
1462	0,007037	0,000000	1,000000	0,031688	0,000000
1463	0,006701	0,000000	1,000000	0,031600	0,000000
1464	0,006516	0,000000	1,000000	0,031219	0,000000
1465	0,006295	0,000000	1,000000	0,030925	0,000000
1466	0,006167	0,000000	1,000000	0,031275	0,000000
1467	0,006093	0,000000	1,000000	0,031150	0,000000
1468	0,006393	0,000000	1,000000	0,031138	0,000000
1469	0,006165	0,000000	1,000000	0,031362	0,000000
1470	0,006086	0,000000	1,000000	0,031012	0,000000
1471	0,237840	0,084756	1,000000	0,031050	0,000000
1472	0,140535	0,013912	1,000000	0,031525	0,000000
1473	0,083729	0,001119	1,000000	0,031362	0,000000
1474	0,050169	0,000000	1,000000	0,031219	0,000000
1475	0,032518	0,000000	1,000000	0,031119	0,000000
1476	0,022912	0,000000	1,000000	0,031375	0,000000
1477	0,017864	0,000000	1,000000	0,030950	0,000000
1478	0,015248	0,000000	1,000000	0,031031	0,000000
1479	0,013882	0,000000	1,000000	0,030931	0,000000
1480	0,012685	0,000000	1,000000	0,031194	0,000000
1481	0,011787	0,000000	1,000000	0,030906	0,000000
1482	0,010867	0,000000	1,000000	0,031162	0,000000
1483	0,010154	0,000000	1,000000	0,030931	0,000000
1484	0,009810	0,000000	1,000000	0,031425	0,000000
1485	0,009610	0,000000	1,000000	0,031881	0,000000
1486	0,008924	0,000000	1,000000	0,031425	0,000000
1487	0,008684	0,000000	1,000000	0,030962	0,000000
1488	0,008308	0,000000	1,000000	0,031131	0,000000
1489	0,008381	0,000000	1,000000	0,031081	0,000000
1490	0,007746	0,000000	1,000000	0,031381	0,000000
1491	0,007657	0,000000	1,000000	0,030962	0,000000
1492	0,007442	0,000000	1,000000	0,031331	0,000000
1493	0,007271	0,000000	1,000000	0,031488	0,000000
1494	0,007145	0,000000	1,000000	0,031162	0,000000
1495	0,007044	0,000000	1,000000	0,030975	0,000000
1496	0,006955	0,000000	1,000000	0,031425	0,000000
1497	0,006715	0,000000	1,000000	0,031175	0,000000
1498	0,006714	0,000000	1,000000	0,030881	0,000000
1499	0,006563	0,000000	1,000000	0,031125	0,000000
1500	0,006443	0,000000	1,000000	0,031544	0,000000