0001	0,668132	0,407775	0,982700	0,000000	173,000000
0002	0,446509	0,487800	0,952400	0,151525	476,000000
0003	0,333765	0,510125	0,974900	0,113600	251,000000
0004	0,279321	0,517400	0,985700	0,100375	143,000000
0005	0,254905	0,534050	0,990900	0,094550	91,000000
0006	0,238265	0,532100	0,991700	0,091050	83,000000
0007	0,227344	0,531675	0,994300	0,094050	57,000000
0008	0,217954	0,535300	0,995200	0,095475	48,000000
0009	0,215551	0,519950	0,994400	0,096350	56,000000
0010	0,210750	0,489625	0,996300	0,104150	37,000000
0011	0,214017	0,463100	0,994700	0,113350	53,000000
0012	0,214811	0,420650	0,993900	0,123450	61,000000
0013	0,216226	0,408775	0,993100	0,124375	69,000000
0014	0,215129	0,401175	0,994700	0,126725	53,000000
0015	0,212159	0,397600	0,994400	0,125175	56,000000
0016	0,212795	0,396850	0,993700	0,123600	63,000000
0017	0,206926	0,398725	0,996300	0,123875	37,000000
0018	0,206276	0,402500	0,995700	0,124400	43,000000
0019	0,205233	0,406350	0,994900	0,124450	51,000000
0020	0,204049	0,407650	0,995000	0,124200	50,000000
0021	0,206589	0,395050	0,994500	0,125075	55,000000
0022	0,203497	0,397275	0,995900	0,125350	41,000000
0023	0,206111	0,398250	0,994400	0,125300	56,000000
0024	0,203586	0,407675	0,995200	0,125025	48,000000
0025	0,208744	0,400775	0,993900	0,123950	61,000000
0026	0,206361	0,400325	0,994700	0,125150	53,000000
0027	0,205518	0,415000	0,994200	0,124650	58,000000
0028	0,204548	0,404550	0,994700	0,125875	53,000000
0029	0,197118	0,407475	0,996000	0,124850	40,000000
0030	0,196799	0,408325	0,996500	0,125625	35,000000
0031	0,507574	0,436600	0,995400	0,125025	46,000000
0032	0,349542	0,443600	0,991000	0,126175	90,000000
0033	0,283540	0,434775	0,990400	0,125650	96,000000
0034	0,260830	0,427425	0,991300	0,125175	87,000000
0035	0,244414	0,411250	0,993400	0,125050	66,000000
0036	0,237984	0,399925	0,993400	0,125100	66,000000
0037	0,232722	0,394450	0,992900	0,125175	71,000000
0038	0,224885	0,396400	0,993500	0,125700	65,000000
0039	0,222725	0,396575	0,994300	0,124300	57,000000
0040	0,222756	0,404950	0,992300	0,124075	77,000000
0041	0,217897	0,398075	0,994400	0,124950	56,000000
0042	0,210568	0,400100	0,995700	0,125550	43,000000
0043	0,213483	0,404125	0,994400	0,124925	56,000000
0044	0,212858	0,398825	0,994800	0,125550	52,000000
0045	0,207260	0,396800	0,995000	0,124350	50,000000
0046	0,208136	0,399250	0,994500	0,126650	55,000000
0047	0,208501	0,386425	0,994700	0,125100	53,000000
0048	0,207240	0,396075	0,995100	0,124175	49,000000
0049	0,208298	0,399350	0,994900	0,124875	51,000000
0050	0,204780	0,395750	0,994100	0,125600	59,000000
0051	0,201879	0,392450	0,995200	0,124925	48,000000
0052	0,204104	0,393425	0,994900	0,125675	51,000000
0053	0,204415	0,397850	0,995200	0,123425	48,000000
0054	0,200239	0,392900	0,995800	0,125325	42,000000
0055	0,201896	0,387700	0,995200	0,125200	48,000000
0056	0,199941	0,393000	0,995600	0,125125	44,000000
0057	0,198748	0,393200	0,995200	0,125700	48,000000
0058	0,198959	0,389450	0,995000	0,124625	50,000000
0059	0,200302	0,392850	0,994900	0,124900	51,000000
0060	0,200842	0,395325	0,994900	0,124625	51,000000
0061	0,505407	0,433625	0,995700	0,124875	43,000000
0062	0,342078	0,453225	0,992600	0,126325	74,000000
0063	0,287281	0,449050	0,989400	0,123200	106,000000
0064	0,253679	0,440450	0,993000	0,124950	70,000000
0065	0,242769	0,425375	0,993000	0,125375	70,000000
0066	0,237485	0,424225	0,991900	0,124725	81,000000
0067	0,227898	0,419700	0,994600	0,123500	54,000000
0068	0,227603	0,416800	0,994000	0,124425	60,000000
0069	0,219382	0,414375	0,993700	0,124175	63,000000
0070	0,218725	0,410550	0,993700	0,124200	63,000000
0071	0,216686	0,408225	0,994000	0,125500	60,000000
0072	0,215806	0,404375	0,993400	0,125225	66,000000
0073	0,212511	0,406625	0,994800	0,124475	52,000000
0074	0,214337	0,413350	0,994000	0,126000	60,000000
0075	0,210798	0,410525	0,994600	0,124800	54,000000
0076	0,210667	0,413400	0,995000	0,123925	50,000000
0077	0,208006	0,416725	0,995100	0,124475	49,000000
0078	0,202938	0,415650	0,996200	0,125350	38,000000
0079	0,206186	0,409175	0,995200	0,125625	48,000000
0080	0,210530	0,403250	0,994500	0,125975	55,000000
0081	0,212883	0,418875	0,993700	0,125100	63,000000
0082	0,205676	0,413875	0,995600	0,124500	44,000000
0083	0,205629	0,414400	0,995500	0,124875	45,000000
0084	0,207783	0,411575	0,994600	0,125125	54,000000
0085	0,207031	0,417300	0,994200	0,123650	58,000000
0086	0,206821	0,413975	0,994000	0,125750	60,000000
0087	0,204617	0,414325	0,994900	0,125075	51,000000
0088	0,206357	0,410650	0,994800	0,126050	52,000000
0089	0,205929	0,414075	0,994900	0,124050	51,000000
0090	0,202850	0,410350	0,994800	0,125075	52,000000
0091	0,506235	0,425450	0,996600	0,125800	34,000000
0092	0,341314	0,446725	0,992500	0,124225	75,000000
0093	0,280730	0,428025	0,991000	0,124250	90,000000
0094	0,255709	0,419625	0,991400	0,124525	86,000000
0095	0,246905	0,414150	0,991200	0,125650	88,000000
0096	0,239938	0,393425	0,991900	0,124400	81,000000
0097	0,230316	0,398725	0,993800	0,125400	62,000000
0098	0,224862	0,395150	0,993400	0,125350	66,000000
0099	0,223800	0,393375	0,993000	0,123700	70,000000
0100	0,221623	0,390425	0,994400	0,125775	56,000000
0101	0,218204	0,390300	0,994400	0,124300	56,000000
0102	0,217125	0,386975	0,993800	0,124675	62,000000
0103	0,218661	0,382900	0,993000	0,125175	70,000000
0104	0,213001	0,393325	0,995200	0,125450	48,000000
0105	0,206576	0,390875	0,996200	0,124400	38,000000
0106	0,205163	0,391525	0,995200	0,124275	48,000000
0107	0,208966	0,394525	0,993900	0,125925	61,000000
0108	0,205002	0,392675	0,995400	0,125350	46,000000
0109	0,206760	0,386725	0,995400	0,125900	46,000000
0110	0,205319	0,395075	0,996100	0,125250	39,000000
0111	0,206498	0,397750	0,995400	0,125600	46,000000
0112	0,205658	0,391200	0,994700	0,123000	53,000000
0113	0,202345	0,395275	0,994900	0,124550	51,000000
0114	0,201319	0,398075	0,995200	0,124375	48,000000
0115	0,204135	0,395075	0,994400	0,124325	56,000000
0116	0,204601	0,389200	0,994700	0,125350	53,000000
0117	0,199914	0,389725	0,995600	0,125875	44,000000
0118	0,199074	0,382975	0,995200	0,124525	48,000000
0119	0,197193	0,381875	0,995400	0,123900	46,000000
0120	0,196985	0,383775	0,995400	0,125625	46,000000
0121	0,503256	0,422350	0,995700	0,123825	43,000000
0122	0,344265	0,435725	0,990000	0,125700	100,000000
0123	0,285308	0,426550	0,990300	0,124850	97,000000
0124	0,259619	0,417475	0,992800	0,124325	72,000000
0125	0,248937	0,401350	0,991300	0,124200	87,000000
0126	0,242897	0,395275	0,992400	0,126025	76,000000
0127	0,230796	0,390425	0,994100	0,124725	59,000000
0128	0,232862	0,391950	0,991700	0,124850	83,000000
0129	0,227805	0,382200	0,992800	0,125425	72,000000
0130	0,220388	0,380850	0,994100	0,124800	59,000000
0131	0,216411	0,386325	0,994600	0,125100	54,000000
0132	0,212824	0,389825	0,994500	0,124525	55,000000
0133	0,214048	0,386400	0,994000	0,125725	60,000000
0134	0,219624	0,378500	0,994000	0,126175	60,000000
0135	0,214769	0,390525	0,994500	0,125200	55,000000
0136	0,209382	0,393850	0,994900	0,124775	51,000000
0137	0,207043	0,388650	0,996200	0,125050	38,000000
0138	0,209595	0,392900	0,994500	0,125050	55,000000
0139	0,203713	0,388275	0,996600	0,124275	34,000000
0140	0,205401	0,388425	0,994300	0,123825	57,000000
0141	0,207244	0,380325	0,993600	0,125225	64,000000
0142	0,204389	0,381050	0,995300	0,126525	47,000000
0143	0,199554	0,382900	0,995600	0,124550	44,000000
0144	0,199742	0,383275	0,995700	0,125525	43,000000
0145	0,204445	0,388975	0,994800	0,124950	52,000000
0146	0,203262	0,388550	0,994300	0,125450	57,000000
0147	0,202527	0,380550	0,995000	0,124400	50,000000
0148	0,197888	0,387050	0,996500	0,125150	35,000000
0149	0,198977	0,391425	0,995400	0,124550	46,000000
0150	0,199793	0,384850	0,995300	0,124200	47,000000
0151	0,509530	0,436125	0,995600	0,126450	44,000000
0152	0,343711	0,445300	0,992100	0,123975	79,000000
0153	0,281006	0,436825	0,992100	0,124425	79,000000
0154	0,256491	0,417275	0,992500	0,124875	75,000000
0155	0,242508	0,401475	0,991600	0,124725	84,000000
0156	0,233521	0,400025	0,993700	0,124800	63,000000
0157	0,231181	0,399125	0,993100	0,125275	69,000000
0158	0,232624	0,391900	0,991100	0,123975	89,000000
0159	0,230516	0,390475	0,992400	0,123775	76,000000
0160	0,216207	0,391825	0,995100	0,124075	49,000000
0161	0,221908	0,394550	0,992500	0,124100	75,000000
0162	0,219927	0,391875	0,992900	0,124575	71,000000
0163	0,216546	0,383075	0,994500	0,125650	55,000000
0164	0,219231	0,382925	0,993600	0,126400	64,000000
0165	0,215624	0,387925	0,994400	0,125775	56,000000
0166	0,209775	0,396100	0,993900	0,123875	61,000000
0167	0,206357	0,387150	0,995000	0,123975	50,000000
0168	0,210777	0,384775	0,994600	0,125350	54,000000
0169	0,209809	0,384400	0,994700	0,126150	53,000000
0170	0,208513	0,390075	0,994800	0,126050	52,000000
0171	0,210946	0,386125	0,993600	0,126175	64,000000
0172	0,206907	0,395250	0,995400	0,123525	46,000000
0173	0,204535	0,386375	0,994100	0,124975	59,000000
0174	0,207208	0,384475	0,995000	0,124150	50,000000
0175	0,204962	0,390575	0,994700	0,123975	53,000000
0176	0,205439	0,396200	0,995000	0,126475	50,000000
0177	0,206429	0,394825	0,995100	0,123875	49,000000
0178	0,204967	0,399275	0,995100	0,126550	49,000000
0179	0,205326	0,395725	0,995300	0,125900	47,000000
0180	0,204458	0,392325	0,995400	0,124575	46,000000
0181	0,509369	0,437025	0,996900	0,124500	31,000000
0182	0,346841	0,447150	0,991100	0,124925	89,000000
0183	0,284070	0,442350	0,990100	0,125000	99,000000
0184	0,251619	0,433000	0,992400	0,124850	76,000000
0185	0,247683	0,423075	0,991300	0,125000	87,000000
0186	0,240392	0,421225	0,992500	0,124300	75,000000
0187	0,234154	0,415275	0,992600	0,124625	74,000000
0188	0,229269	0,410800	0,993800	0,124350	62,000000
0189	0,229038	0,410950	0,993100	0,124725	69,000000
0190	0,223736	0,417200	0,993600	0,125475	64,000000
0191	0,219767	0,410450	0,994400	0,124900	56,000000
0192	0,217893	0,419400	0,994000	0,124225	60,000000
0193	0,213259	0,410325	0,994600	0,123475	54,000000
0194	0,216261	0,406050	0,992700	0,125800	73,000000
0195	0,204643	0,424825	0,995900	0,125300	41,000000
0196	0,206014	0,415700	0,995300	0,125175	47,000000
0197	0,209451	0,426150	0,995000	0,126025	50,000000
0198	0,208332	0,419225	0,994700	0,124950	53,000000
0199	0,211027	0,410950	0,993100	0,124700	69,000000
0200	0,208998	0,413125	0,994000	0,126050	60,000000
0201	0,206050	0,416475	0,995000	0,124250	50,000000
0202	0,205537	0,417550	0,995800	0,125900	42,000000
0203	0,202510	0,414775	0,995000	0,124975	50,000000
0204	0,203837	0,415000	0,994800	0,123875	52,000000
0205	0,207056	0,411250	0,994300	0,124675	57,000000
0206	0,205260	0,417700	0,995100	0,123300	49,000000
0207	0,208001	0,412975	0,994200	0,124550	58,000000
0208	0,206258	0,412800	0,994500	0,124850	55,000000
0209	0,206458	0,412750	0,994700	0,125275	53,000000
0210	0,206727	0,421725	0,994200	0,126000	58,000000
0211	0,508994	0,431075	0,995000	0,125400	50,000000
0212	0,345666	0,442525	0,990800	0,126975	92,000000
0213	0,282693	0,431875	0,991500	0,124650	85,000000
0214	0,257419	0,423450	0,991700	0,125325	83,000000
0215	0,245620	0,417975	0,991500	0,124275	85,000000
0216	0,238396	0,407125	0,992300	0,124325	77,000000
0217	0,234171	0,399600	0,993100	0,123175	69,000000
0218	0,235438	0,398425	0,992000	0,124875	80,000000
0219	0,226675	0,396425	0,993100	0,124775	69,000000
0220	0,224101	0,399575	0,993700	0,124250	63,000000
0221	0,219902	0,401575	0,994500	0,125025	55,000000
0222	0,220760	0,400800	0,992600	0,125800	74,000000
0223	0,216581	0,386850	0,994100	0,124425	59,000000
0224	0,216086	0,390950	0,994400	0,125050	56,000000
0225	0,216270	0,388900	0,993100	0,123825	69,000000
0226	0,212372	0,395150	0,994500	0,123600	55,000000
0227	0,212888	0,393000	0,994100	0,124375	59,000000
0228	0,209571	0,390425	0,994600	0,125000	54,000000
0229	0,205614	0,393575	0,994800	0,124650	52,000000
0230	0,207884	0,398500	0,994800	0,124850	52,000000
0231	0,203978	0,397625	0,994900	0,125225	51,000000
0232	0,206095	0,400400	0,994800	0,124825	52,000000
0233	0,204881	0,402275	0,994800	0,124025	52,000000
0234	0,205324	0,395175	0,994700	0,124525	53,000000
0235	0,204126	0,393525	0,994900	0,123100	51,000000
0236	0,200193	0,391150	0,995600	0,125425	44,000000
0237	0,205430	0,396150	0,994900	0,124475	51,000000
0238	0,206758	0,403175	0,994000	0,126200	60,000000
0239	0,204691	0,393325	0,995100	0,124875	49,000000
0240	0,199732	0,401550	0,995500	0,125525	45,000000
0241	0,506662	0,431475	0,995100	0,123375	49,000000
0242	0,347209	0,444525	0,990900	0,124450	91,000000
0243	0,283124	0,437725	0,991100	0,126150	89,000000
0244	0,256876	0,424350	0,992100	0,125525	79,000000
0245	0,243668	0,422425	0,992400	0,124175	76,000000
0246	0,237120	0,422725	0,992800	0,124750	72,000000
0247	0,233718	0,405325	0,991800	0,125650	82,000000
0248	0,231374	0,398750	0,992500	0,124675	75,000000
0249	0,225931	0,403625	0,992500	0,125450	75,000000
0250	0,225094	0,398075	0,992900	0,126125	71,000000
0251	0,221684	0,401025	0,993200	0,124825	68,000000
0252	0,219953	0,398250	0,993900	0,125300	61,000000
0253	0,217633	0,402150	0,994000	0,124125	60,000000
0254	0,212142	0,399275	0,995600	0,124875	44,000000
0255	0,210134	0,404375	0,994000	0,124225	60,000000
0256	0,208502	0,402125	0,995000	0,124000	50,000000
0257	0,207978	0,395825	0,994900	0,123800	51,000000
0258	0,205483	0,399875	0,994900	0,124850	51,000000
0259	0,201908	0,399200	0,995500	0,124400	45,000000
0260	0,201325	0,404350	0,995100	0,124875	49,000000
0261	0,203008	0,393375	0,994800	0,124225	52,000000
0262	0,201706	0,395325	0,995200	0,124325	48,000000
0263	0,202384	0,398075	0,995000	0,125175	50,000000
0264	0,205948	0,384125	0,994300	0,124725	57,000000
0265	0,205086	0,392475	0,995600	0,124175	44,000000
0266	0,201549	0,392425	0,996100	0,126375	39,000000
0267	0,200973	0,403250	0,994600	0,124225	54,000000
0268	0,208555	0,391975	0,994300	0,123500	57,000000
0269	0,199552	0,402875	0,995700	0,124200	43,000000
0270	0,201272	0,397400	0,994600	0,125675	54,000000
0271	0,507928	0,428100	0,994200	0,124525	58,000000
0272	0,349015	0,436000	0,989500	0,125500	105,000000
0273	0,287699	0,431325	0,988400	0,125825	116,000000
0274	0,257360	0,418475	0,991500	0,125325	85,000000
0275	0,244893	0,411375	0,992600	0,124700	74,000000
0276	0,237579	0,405475	0,991600	0,125625	84,000000
0277	0,229769	0,391750	0,993800	0,125550	62,000000
0278	0,230003	0,391300	0,993100	0,125125	69,000000
0279	0,224125	0,401100	0,993500	0,124275	65,000000
0280	0,216456	0,396900	0,994200	0,124650	58,000000
0281	0,221257	0,390575	0,992900	0,124875	71,000000
0282	0,215282	0,404150	0,995000	0,123950	50,000000
0283	0,213270	0,399400	0,994100	0,124625	59,000000
0284	0,207084	0,395050	0,995100	0,125375	49,000000
0285	0,213273	0,400300	0,995200	0,126450	48,000000
0286	0,210308	0,394800	0,994800	0,124175	52,000000
0287	0,210676	0,397125	0,994600	0,125675	54,000000
0288	0,211896	0,393375	0,994400	0,125550	56,000000
0289	0,208702	0,389150	0,994200	0,125050	58,000000
0290	0,205832	0,397825	0,994300	0,124800	57,000000
0291	0,202340	0,400800	0,995600	0,123400	44,000000
0292	0,208502	0,395925	0,994700	0,126600	53,000000
0293	0,203173	0,406050	0,995200	0,126425	48,000000
0294	0,203598	0,404100	0,995300	0,125975	47,000000
0295	0,199857	0,396050	0,995200	0,125125	48,000000
0296	0,200576	0,396975	0,994500	0,125300	55,000000
0297	0,204504	0,392550	0,995400	0,124525	46,000000
0298	0,201113	0,396300	0,995700	0,125050	43,000000
0299	0,199968	0,401550	0,995700	0,124625	43,000000
0300	0,198212	0,397775	0,995600	0,124200	44,000000
0301	0,510390	0,438575	0,995400	0,123625	46,000000
0302	0,346217	0,444150	0,991500	0,125950	85,000000
0303	0,286080	0,432575	0,989900	0,124300	101,000000
0304	0,261829	0,419175	0,989700	0,122525	103,000000
0305	0,243292	0,410275	0,993100	0,125200	69,000000
0306	0,242189	0,418400	0,991200	0,125425	88,000000
0307	0,232816	0,415825	0,992500	0,123750	75,000000
0308	0,227381	0,402600	0,992700	0,125025	73,000000
0309	0,224079	0,394975	0,993900	0,124550	61,000000
0310	0,220985	0,393525	0,993900	0,124275	61,000000
0311	0,215469	0,399650	0,993500	0,123675	65,000000
0312	0,209672	0,397150	0,995100	0,125125	49,000000
0313	0,212339	0,405750	0,994300	0,124525	57,000000
0314	0,209556	0,403550	0,995600	0,124825	44,000000
0315	0,212150	0,398250	0,994000	0,124750	60,000000
0316	0,206152	0,405350	0,996400	0,124500	36,000000
0317	0,209623	0,400950	0,993700	0,124650	63,000000
0318	0,210232	0,405325	0,994800	0,125100	52,000000
0319	0,209516	0,414700	0,994100	0,124850	59,000000
0320	0,207178	0,406825	0,993900	0,124650	61,000000
0321	0,203348	0,404925	0,995500	0,124725	45,000000
0322	0,204525	0,410575	0,994700	0,125950	53,000000
0323	0,201993	0,400000	0,995800	0,125575	42,000000
0324	0,202614	0,394925	0,995100	0,124475	49,000000
0325	0,203286	0,409375	0,994400	0,124200	56,000000
0326	0,205889	0,406000	0,995100	0,124825	49,000000
0327	0,202360	0,406200	0,994600	0,123750	54,000000
0328	0,202692	0,399350	0,994800	0,125875	52,000000
0329	0,200018	0,406075	0,994700	0,124200	53,000000
0330	0,205732	0,400900	0,994600	0,124775	54,000000
0331	0,501702	0,436075	0,995800	0,124950	42,000000
0332	0,342616	0,452425	0,991300	0,124800	87,000000
0333	0,284645	0,449300	0,990600	0,124125	94,000000
0334	0,260984	0,432800	0,989700	0,124200	103,000000
0335	0,246643	0,426050	0,992400	0,126225	76,000000
0336	0,239788	0,422750	0,992500	0,125275	75,000000
0337	0,233744	0,409600	0,993700	0,125975	63,000000
0338	0,228253	0,406825	0,993200	0,125050	68,000000
0339	0,226251	0,406800	0,991900	0,124775	81,000000
0340	0,223946	0,407700	0,993100	0,124475	69,000000
0341	0,221546	0,405600	0,993800	0,124625	62,000000
0342	0,216402	0,408050	0,994100	0,123300	59,000000
0343	0,218841	0,403975	0,993900	0,126350	61,000000
0344	0,216469	0,398775	0,994300	0,126175	57,000000
0345	0,218518	0,410225	0,993800	0,125400	62,000000
0346	0,215375	0,407125	0,993000	0,125675	70,000000
0347	0,211346	0,407275	0,993600	0,124825	64,000000
0348	0,209349	0,406425	0,994700	0,126150	53,000000
0349	0,206988	0,406075	0,994800	0,125050	52,000000
0350	0,208937	0,400075	0,994600	0,125000	54,000000
0351	0,205165	0,413925	0,995000	0,124250	50,000000
0352	0,203518	0,408975	0,995700	0,123925	43,000000
0353	0,205254	0,411675	0,995800	0,125125	42,000000
0354	0,199689	0,406800	0,995700	0,123525	43,000000
0355	0,204589	0,406450	0,994600	0,123875	54,000000
0356	0,205139	0,399575	0,994900	0,124025	51,000000
0357	0,206952	0,395700	0,994800	0,125675	52,000000
0358	0,201130	0,406725	0,995700	0,125125	43,000000
0359	0,197776	0,422350	0,996100	0,125450	39,000000
0360	0,201389	0,409425	0,995400	0,126150	46,000000
0361	0,507298	0,435300	0,993900	0,126750	61,000000
0362	0,343855	0,439025	0,991900	0,124700	81,000000
0363	0,279251	0,437025	0,991500	0,125025	85,000000
0364	0,257147	0,429950	0,990400	0,123350	96,000000
0365	0,246385	0,425825	0,991000	0,123675	90,000000
0366	0,240654	0,413600	0,991100	0,124650	89,000000
0367	0,240359	0,407575	0,990800	0,123900	92,000000
0368	0,232523	0,407300	0,992600	0,126950	74,000000
0369	0,227844	0,410600	0,994300	0,125000	57,000000
0370	0,221180	0,413300	0,993500	0,124550	65,000000
0371	0,217084	0,413925	0,994500	0,126200	55,000000
0372	0,216112	0,412175	0,994700	0,124725	53,000000
0373	0,213502	0,410725	0,994200	0,125400	58,000000
0374	0,215259	0,406375	0,993800	0,126000	62,000000
0375	0,211532	0,402975	0,993700	0,123650	63,000000
0376	0,216966	0,405000	0,993200	0,125375	68,000000
0377	0,209183	0,404925	0,995700	0,124300	43,000000
0378	0,210029	0,414250	0,995000	0,125600	50,000000
0379	0,215373	0,399750	0,993300	0,125325	67,000000
0380	0,207422	0,411725	0,995300	0,124250	47,000000
0381	0,207730	0,416700	0,994600	0,124775	54,000000
0382	0,204294	0,408950	0,995300	0,123350	47,000000
0383	0,204515	0,406300	0,994900	0,124550	51,000000
0384	0,207422	0,404400	0,993800	0,125300	62,000000
0385	0,209586	0,399675	0,994600	0,125250	54,000000
0386	0,206517	0,401750	0,994600	0,124875	54,000000
0387	0,206741	0,403125	0,995600	0,123975	44,000000
0388	0,199311	0,410700	0,996100	0,124925	39,000000
0389	0,199719	0,409850	0,995000	0,124300	50,000000
0390	0,199023	0,399675	0,995900	0,125200	41,000000
0391	0,502418	0,430850	0,995500	0,126100	45,000000
0392	0,346256	0,438325	0,990100	0,125900	99,000000
0393	0,278435	0,436000	0,991600	0,125000	84,000000
0394	0,254808	0,421650	0,992100	0,124925	79,000000
0395	0,245138	0,420600	0,992000	0,125825	80,000000
0396	0,238126	0,402825	0,991300	0,123825	87,000000
0397	0,232276	0,401625	0,992800	0,124775	72,000000
0398	0,227712	0,398550	0,993400	0,124750	66,000000
0399	0,221444	0,385425	0,994600	0,124925	54,000000
0400	0,216673	0,400600	0,994600	0,123925	54,000000
0401	0,214990	0,393375	0,994800	0,124675	52,000000
0402	0,212360	0,395525	0,994000	0,125825	60,000000
0403	0,213769	0,392850	0,994200	0,125225	58,000000
0404	0,209712	0,394000	0,994600	0,126425	54,000000
0405	0,205242	0,397425	0,995700	0,125525	43,000000
0406	0,205411	0,397750	0,994900	0,123650	51,000000
0407	0,205768	0,392400	0,994600	0,125025	54,000000
0408	0,213654	0,392800	0,992500	0,126625	75,000000
0409	0,212672	0,395425	0,993500	0,125150	65,000000
0410	0,211238	0,395750	0,994800	0,124675	52,000000
0411	0,207584	0,390975	0,994900	0,125050	51,000000
0412	0,204732	0,391825	0,994300	0,125075	57,000000
0413	0,204397	0,397825	0,995200	0,124550	48,000000
0414	0,201837	0,394525	0,995500	0,124125	45,000000
0415	0,205362	0,391875	0,995000	0,124275	50,000000
0416	0,202559	0,392875	0,995000	0,125700	50,000000
0417	0,200845	0,395725	0,996200	0,125050	38,000000
0418	0,200625	0,391775	0,995700	0,122875	43,000000
0419	0,197155	0,387100	0,995900	0,124900	41,000000
0420	0,198594	0,389975	0,995000	0,124250	50,000000
0421	0,502858	0,436150	0,996500	0,125825	35,000000
0422	0,344714	0,440825	0,991000	0,124900	90,000000
0423	0,286386	0,435975	0,989800	0,124700	102,000000
0424	0,264359	0,421200	0,989700	0,125325	103,000000
0425	0,248174	0,408175	0,991100	0,125225	89,000000
0426	0,240251	0,399675	0,993000	0,125075	70,000000
0427	0,235479	0,402550	0,992800	0,126475	72,000000
0428	0,227706	0,400650	0,993600	0,125075	64,000000
0429	0,223158	0,396525	0,993500	0,126225	65,000000
0430	0,217860	0,397200	0,994600	0,125525	54,000000
0431	0,215992	0,400525	0,994400	0,123850	56,000000
0432	0,216689	0,394250	0,993300	0,124425	67,000000
0433	0,213820	0,406100	0,994600	0,126100	54,000000
0434	0,213370	0,404150	0,995200	0,125400	48,000000
0435	0,211903	0,403900	0,995000	0,125450	50,000000
0436	0,205525	0,398575	0,995000	0,124350	50,000000
0437	0,206364	0,404000	0,995000	0,125125	50,000000
0438	0,211621	0,387975	0,993900	0,124700	61,000000
0439	0,208669	0,408250	0,995000	0,124625	50,000000
0440	0,203218	0,408250	0,995500	0,124050	45,000000
0441	0,208153	0,397100	0,994100	0,125475	59,000000
0442	0,203632	0,400625	0,995900	0,123675	41,000000
0443	0,203237	0,399700	0,995500	0,123975	45,000000
0444	0,205961	0,400125	0,993600	0,125975	64,000000
0445	0,203253	0,402100	0,995600	0,125750	44,000000
0446	0,207724	0,393550	0,994400	0,126125	56,000000
0447	0,202665	0,405000	0,995000	0,125550	50,000000
0448	0,205896	0,398300	0,994800	0,125025	52,000000
0449	0,202682	0,401000	0,996100	0,124350	39,000000
0450	0,200487	0,406425	0,995200	0,124475	48,000000
0451	0,501486	0,432600	0,995800	0,125275	42,000000
0452	0,343670	0,450050	0,991500	0,123275	85,000000
0453	0,279361	0,436550	0,991400	0,125100	86,000000
0454	0,258926	0,429450	0,990100	0,126050	99,000000
0455	0,248471	0,411050	0,990100	0,125100	99,000000
0456	0,237322	0,411125	0,992800	0,124075	72,000000
0457	0,229126	0,404300	0,994800	0,124375	52,000000
0458	0,227327	0,406600	0,993000	0,125750	70,000000
0459	0,217085	0,404675	0,994300	0,124500	57,000000
0460	0,221308	0,403125	0,993800	0,126225	62,000000
0461	0,212237	0,404025	0,995200	0,125550	48,000000
0462	0,215998	0,404875	0,994000	0,125050	60,000000
0463	0,212396	0,405875	0,994600	0,125100	54,000000
0464	0,212644	0,407400	0,994200	0,124000	58,000000
0465	0,215939	0,401325	0,993900	0,124675	61,000000
0466	0,208352	0,407725	0,995100	0,125000	49,000000
0467	0,206669	0,405300	0,995600	0,124200	44,000000
0468	0,202689	0,405125	0,995400	0,124700	46,000000
0469	0,207098	0,409200	0,994700	0,124400	53,000000
0470	0,201478	0,411400	0,996100	0,124525	39,000000
0471	0,196226	0,417725	0,996200	0,125825	38,000000
0472	0,200848	0,411475	0,994900	0,124850	51,000000
0473	0,202264	0,408000	0,994600	0,125150	54,000000
0474	0,203266	0,410450	0,995000	0,124350	50,000000
0475	0,207859	0,404225	0,994300	0,125325	57,000000
0476	0,207328	0,401475	0,994200	0,124400	58,000000
0477	0,206901	0,402475	0,994300	0,125450	57,000000
0478	0,204692	0,406125	0,994900	0,125050	51,000000
0479	0,204393	0,406650	0,994600	0,124275	54,000000
0480	0,206002	0,404875	0,993600	0,125350	64,000000
0481	0,507374	0,425600	0,994800	0,125550	52,000000
0482	0,343129	0,442725	0,991900	0,125900	81,000000
0483	0,280492	0,446275	0,992500	0,126225	75,000000
0484	0,255990	0,435800	0,991500	0,124250	85,000000
0485	0,241785	0,429925	0,993900	0,124550	61,000000
0486	0,236068	0,425725	0,992800	0,125675	72,000000
0487	0,230531	0,415175	0,993900	0,124500	61,000000
0488	0,229304	0,406225	0,993100	0,124600	69,000000
0489	0,222717	0,405425	0,994400	0,123875	56,000000
0490	0,225539	0,403750	0,993500	0,125400	65,000000
0491	0,218962	0,410825	0,995300	0,124600	47,000000
0492	0,221762	0,403300	0,992700	0,126300	73,000000
0493	0,214937	0,401025	0,993700	0,124950	63,000000
0494	0,210610	0,408725	0,994900	0,125225	51,000000
0495	0,209047	0,414875	0,994900	0,124075	51,000000
0496	0,211400	0,404925	0,993900	0,124175	61,000000
0497	0,206507	0,408700	0,995300	0,124400	47,000000
0498	0,208896	0,413150	0,994300	0,124800	57,000000
0499	0,209748	0,402875	0,994700	0,126075	53,000000
0500	0,206715	0,407100	0,995100	0,124025	49,000000
0501	0,207057	0,406775	0,994300	0,124375	57,000000
0502	0,203375	0,412100	0,995600	0,126050	44,000000
0503	0,205037	0,405350	0,995300	0,125050	47,000000
0504	0,207226	0,403575	0,994400	0,124825	56,000000
0505	0,199570	0,402175	0,995500	0,126575	45,000000
0506	0,200746	0,402525	0,994800	0,124950	52,000000
0507	0,204651	0,403200	0,994700	0,125375	53,000000
0508	0,205663	0,398625	0,994700	0,125825	53,000000
0509	0,198990	0,407200	0,996000	0,125025	40,000000
0510	0,198148	0,403825	0,995400	0,124400	46,000000
0511	0,501137	0,428575	0,995100	0,125700	49,000000
0512	0,342322	0,440975	0,991300	0,123900	87,000000
0513	0,280320	0,429550	0,991600	0,123575	84,000000
0514	0,259074	0,415100	0,990300	0,125775	97,000000
0515	0,245882	0,407400	0,992500	0,124850	75,000000
0516	0,238741	0,388350	0,992600	0,124825	74,000000
0517	0,238367	0,387700	0,991100	0,125075	89,000000
0518	0,232651	0,378250	0,992500	0,125550	75,000000
0519	0,226849	0,382850	0,994300	0,126300	57,000000
0520	0,225414	0,387150	0,994100	0,124900	59,000000
0521	0,224264	0,388625	0,992700	0,124450	73,000000
0522	0,219761	0,386150	0,994000	0,126425	60,000000
0523	0,215741	0,390950	0,994200	0,124700	58,000000
0524	0,211491	0,383775	0,995300	0,124675	47,000000
0525	0,210020	0,388825	0,994500	0,124525	55,000000
0526	0,209443	0,393075	0,994400	0,125225	56,000000
0527	0,211912	0,386850	0,994200	0,125800	58,000000
0528	0,208940	0,387150	0,995200	0,125725	48,000000
0529	0,206175	0,385725	0,995200	0,126125	48,000000
0530	0,206936	0,383850	0,995400	0,125000	46,000000
0531	0,204230	0,388350	0,995300	0,124625	47,000000
0532	0,204037	0,384650	0,995400	0,125800	46,000000
0533	0,200907	0,383300	0,995500	0,124450	45,000000
0534	0,201777	0,379825	0,995600	0,125100	44,000000
0535	0,202047	0,382900	0,994900	0,125950	51,000000
0536	0,204859	0,378000	0,994400	0,123125	56,000000
0537	0,198463	0,383925	0,996500	0,125025	35,000000
0538	0,196696	0,390975	0,995900	0,124350	41,000000
0539	0,198581	0,402675	0,994800	0,123775	52,000000
0540	0,194568	0,396450	0,996700	0,124575	33,000000
0541	0,508306	0,430950	0,994600	0,123225	54,000000
0542	0,345374	0,441600	0,992400	0,128450	76,000000
0543	0,282931	0,440725	0,990600	0,125100	94,000000
0544	0,262460	0,429700	0,989700	0,124300	103,000000
0545	0,244866	0,422300	0,991700	0,124350	83,000000
0546	0,238076	0,419875	0,993100	0,125075	69,000000
0547	0,228721	0,405250	0,994900	0,125400	51,000000
0548	0,231400	0,398550	0,992500	0,125000	75,000000
0549	0,229282	0,396575	0,992500	0,123700	75,000000
0550	0,222449	0,395325	0,993100	0,125900	69,000000
0551	0,219130	0,404100	0,993800	0,127000	62,000000
0552	0,215588	0,407075	0,995300	0,125650	47,000000
0553	0,212153	0,410650	0,994300	0,125225	57,000000
0554	0,209965	0,412550	0,995000	0,125600	50,000000
0555	0,208589	0,412000	0,995100	0,124375	49,000000
0556	0,205378	0,407875	0,995000	0,124475	50,000000
0557	0,208803	0,402825	0,994000	0,125850	60,000000
0558	0,207275	0,392425	0,994700	0,124250	53,000000
0559	0,204263	0,398750	0,995100	0,124400	49,000000
0560	0,202464	0,402050	0,994700	0,125100	53,000000
0561	0,199754	0,403175	0,996300	0,126100	37,000000
0562	0,206697	0,409050	0,993600	0,123825	64,000000
0563	0,205469	0,401825	0,995000	0,125500	50,000000
0564	0,209336	0,402775	0,994100	0,126350	59,000000
0565	0,205656	0,399425	0,995600	0,125675	44,000000
0566	0,200285	0,402850	0,995600	0,124025	44,000000
0567	0,208891	0,407475	0,994000	0,125575	60,000000
0568	0,202787	0,403225	0,995800	0,124300	42,000000
0569	0,202988	0,405275	0,994900	0,124375	51,000000
0570	0,207704	0,398525	0,994700	0,124475	53,000000
0571	0,511115	0,428650	0,995000	0,125375	50,000000
0572	0,349943	0,442100	0,992000	0,125875	80,000000
0573	0,286753	0,433375	0,990900	0,125475	91,000000
0574	0,260501	0,420075	0,990900	0,124400	91,000000
0575	0,248169	0,411075	0,991400	0,123625	86,000000
0576	0,240489	0,401900	0,992500	0,125550	75,000000
0577	0,235720	0,396850	0,992400	0,124450	76,000000
0578	0,227415	0,396650	0,993700	0,124850	63,000000
0579	0,226061	0,396525	0,992700	0,125900	73,000000
0580	0,227701	0,389400	0,993100	0,123800	69,000000
0581	0,221273	0,395450	0,993100	0,125450	69,000000
0582	0,217621	0,396650	0,994300	0,124725	57,000000
0583	0,214125	0,399625	0,995400	0,124500	46,000000
0584	0,221248	0,389200	0,991900	0,124075	81,000000
0585	0,214846	0,396350	0,993700	0,125150	63,000000
0586	0,214306	0,390500	0,994100	0,125450	59,000000
0587	0,208396	0,394625	0,994900	0,124500	51,000000
0588	0,211295	0,399150	0,993900	0,124350	61,000000
0589	0,205403	0,402200	0,995400	0,125100	46,000000
0590	0,205499	0,394475	0,994900	0,125875	51,000000
0591	0,204606	0,399975	0,995100	0,124975	49,000000
0592	0,205607	0,398500	0,994300	0,123075	57,000000
0593	0,204611	0,404700	0,994700	0,123175	53,000000
0594	0,204818	0,396375	0,994700	0,124800	53,000000
0595	0,204740	0,393875	0,995300	0,125525	47,000000
0596	0,200764	0,401475	0,995500	0,124700	45,000000
0597	0,201422	0,393450	0,994800	0,125775	52,000000
0598	0,204218	0,381200	0,995000	0,124500	50,000000
0599	0,202015	0,390075	0,995000	0,124650	50,000000
0600	0,205940	0,383050	0,994300	0,124100	57,000000
0601	0,514108	0,429700	0,995400	0,123950	46,000000
0602	0,350264	0,447425	0,990800	0,125725	92,000000
0603	0,283918	0,444250	0,992100	0,124500	79,000000
0604	0,261113	0,427525	0,990300	0,125500	97,000000
0605	0,244900	0,423925	0,993000	0,123500	70,000000
0606	0,236014	0,414900	0,993400	0,124600	66,000000
0607	0,232606	0,413300	0,992700	0,124850	73,000000
0608	0,227227	0,414750	0,993900	0,125400	61,000000
0609	0,222634	0,405625	0,993700	0,124500	63,000000
0610	0,218920	0,400875	0,994600	0,125775	54,000000
0611	0,219584	0,399750	0,992900	0,124675	71,000000
0612	0,221089	0,403825	0,992500	0,125050	75,000000
0613	0,219118	0,408750	0,993300	0,122475	67,000000
0614	0,214873	0,404600	0,995000	0,125000	50,000000
0615	0,216343	0,399525	0,993300	0,122975	67,000000
0616	0,209876	0,412250	0,994400	0,125250	56,000000
0617	0,211771	0,407000	0,994000	0,124450	60,000000
0618	0,209022	0,416175	0,994900	0,123900	51,000000
0619	0,205602	0,406425	0,995700	0,125625	43,000000
0620	0,207776	0,410100	0,995700	0,124875	43,000000
0621	0,204340	0,411250	0,995600	0,125025	44,000000
0622	0,209246	0,411600	0,995100	0,124475	49,000000
0623	0,204654	0,406475	0,995900	0,123925	41,000000
0624	0,204357	0,410950	0,995400	0,125150	46,000000
0625	0,205080	0,410800	0,994700	0,124700	53,000000
0626	0,203436	0,409125	0,995100	0,123150	49,000000
0627	0,200973	0,406050	0,995600	0,124625	44,000000
0628	0,202791	0,401025	0,994600	0,124075	54,000000
0629	0,201931	0,406000	0,994800	0,126200	52,000000
0630	0,204202	0,398450	0,995000	0,125125	50,000000
0631	0,510217	0,428050	0,995400	0,123350	46,000000
0632	0,347108	0,444700	0,992000	0,126400	80,000000
0633	0,279771	0,438850	0,992500	0,124925	75,000000
0634	0,254543	0,426175	0,992200	0,124850	78,000000
0635	0,246092	0,418575	0,992500	0,125650	75,000000
0636	0,235599	0,416625	0,992600	0,124475	74,000000
0637	0,242162	0,407000	0,989500	0,125750	105,000000
0638	0,234524	0,402525	0,992300	0,124975	77,000000
0639	0,228173	0,401050	0,992900	0,125500	71,000000
0640	0,224438	0,398525	0,993700	0,125200	63,000000
0641	0,222244	0,402125	0,993100	0,124950	69,000000
0642	0,216943	0,400775	0,994000	0,124075	60,000000
0643	0,215063	0,403750	0,993800	0,125575	62,000000
0644	0,208823	0,413350	0,994600	0,126150	54,000000
0645	0,210353	0,410475	0,995100	0,124700	49,000000
0646	0,210778	0,401350	0,994000	0,124525	60,000000
0647	0,211670	0,406600	0,993500	0,125375	65,000000
0648	0,208148	0,400950	0,996000	0,123750	40,000000
0649	0,201522	0,403000	0,995800	0,126825	42,000000
0650	0,205480	0,403600	0,995100	0,126000	49,000000
0651	0,205845	0,411550	0,994400	0,127075	56,000000
0652	0,209131	0,400175	0,994000	0,124100	60,000000
0653	0,203172	0,401350	0,995500	0,125125	45,000000
0654	0,200035	0,400025	0,996300	0,124675	37,000000
0655	0,201802	0,405650	0,994800	0,124450	52,000000
0656	0,202647	0,403225	0,995300	0,123850	47,000000
0657	0,197166	0,400625	0,996500	0,123675	35,000000
0658	0,200513	0,402875	0,994800	0,124925	52,000000
0659	0,197625	0,403375	0,995200	0,125725	48,000000
0660	0,199178	0,408225	0,995700	0,123850	43,000000
0661	0,513199	0,437750	0,996000	0,125675	40,000000
0662	0,349357	0,444100	0,990800	0,125925	92,000000
0663	0,286900	0,435300	0,991100	0,124425	89,000000
0664	0,260318	0,420350	0,990700	0,124850	93,000000
0665	0,250126	0,408450	0,991400	0,124150	86,000000
0666	0,241332	0,402950	0,991700	0,124725	83,000000
0667	0,233240	0,398550	0,993800	0,124350	62,000000
0668	0,229957	0,400725	0,992400	0,124475	76,000000
0669	0,226454	0,393600	0,993000	0,122375	70,000000
0670	0,223365	0,392050	0,994100	0,125525	59,000000
0671	0,217110	0,390825	0,994700	0,125150	53,000000
0672	0,213338	0,392525	0,994800	0,127100	52,000000
0673	0,216858	0,393250	0,994000	0,125700	60,000000
0674	0,214131	0,391950	0,994000	0,125700	60,000000
0675	0,208131	0,393425	0,994500	0,124925	55,000000
0676	0,205852	0,396800	0,995600	0,125825	44,000000
0677	0,206751	0,392900	0,994900	0,123225	51,000000
0678	0,200132	0,396300	0,996200	0,126275	38,000000
0679	0,203398	0,385975	0,995000	0,124725	50,000000
0680	0,200988	0,386525	0,995000	0,125250	50,000000
0681	0,201051	0,387150	0,996500	0,123850	35,000000
0682	0,202291	0,380500	0,996200	0,125050	38,000000
0683	0,201789	0,384300	0,995200	0,125850	48,000000
0684	0,198045	0,387900	0,995100	0,124500	49,000000
0685	0,197869	0,380775	0,996200	0,124700	38,000000
0686	0,197378	0,391700	0,995700	0,125250	43,000000
0687	0,200250	0,390150	0,994600	0,124800	54,000000
0688	0,200643	0,390225	0,995000	0,122450	50,000000
0689	0,202510	0,388400	0,995200	0,125275	48,000000
0690	0,201435	0,382625	0,994400	0,124700	56,000000
0691	0,499014	0,429300	0,995300	0,126025	47,000000
0692	0,343407	0,443150	0,990500	0,124050	95,000000
0693	0,278505	0,447975	0,992400	0,124000	76,000000
0694	0,255305	0,437000	0,991600	0,123825	84,000000
0695	0,241202	0,431775	0,994400	0,126375	56,000000
0696	0,237673	0,422875	0,992000	0,124650	80,000000
0697	0,227795	0,423425	0,994100	0,123775	59,000000
0698	0,227325	0,419875	0,993600	0,123925	64,000000
0699	0,230799	0,406175	0,991300	0,124975	87,000000
0700	0,228674	0,404500	0,993500	0,124100	65,000000
0701	0,222601	0,406350	0,993400	0,125500	66,000000
0702	0,220855	0,407450	0,993300	0,124225	67,000000
0703	0,213891	0,402175	0,994600	0,124725	54,000000
0704	0,217291	0,408450	0,993300	0,125500	67,000000
0705	0,213772	0,412725	0,994400	0,125100	56,000000
0706	0,214810	0,405050	0,993900	0,125150	61,000000
0707	0,216899	0,410675	0,993000	0,125700	70,000000
0708	0,211471	0,407625	0,994600	0,124450	54,000000
0709	0,211486	0,410675	0,995600	0,123475	44,000000
0710	0,208196	0,417175	0,995500	0,125275	45,000000
0711	0,211276	0,409075	0,994200	0,124800	58,000000
0712	0,208283	0,410125	0,994700	0,125025	53,000000
0713	0,205558	0,417575	0,995700	0,124475	43,000000
0714	0,202416	0,422550	0,995600	0,124625	44,000000
0715	0,203603	0,419175	0,995800	0,123875	42,000000
0716	0,200654	0,414400	0,995900	0,126200	41,000000
0717	0,202788	0,410000	0,995000	0,125900	50,000000
0718	0,203076	0,410475	0,995500	0,125450	45,000000
0719	0,207021	0,414950	0,993400	0,124425	66,000000
0720	0,208589	0,409525	0,993900	0,124550	61,000000
0721	0,507015	0,433550	0,994400	0,124775	56,000000
0722	0,352543	0,448400	0,988900	0,126275	111,000000
0723	0,286637	0,438250	0,990100	0,124975	99,000000
0724	0,258137	0,434475	0,991800	0,125900	82,000000
0725	0,245710	0,426800	0,991800	0,124825	82,000000
0726	0,243619	0,420925	0,991400	0,124950	86,000000
0727	0,237406	0,417975	0,992800	0,125525	72,000000
0728	0,232091	0,415050	0,992600	0,126025	74,000000
0729	0,227632	0,417400	0,993300	0,123325	67,000000
0730	0,225194	0,413025	0,993000	0,126000	70,000000
0731	0,221614	0,418400	0,993800	0,124775	62,000000
0732	0,216677	0,405375	0,994500	0,124900	55,000000
0733	0,213600	0,406925	0,993500	0,125075	65,000000
0734	0,212303	0,406400	0,994900	0,124550	51,000000
0735	0,208998	0,404500	0,994600	0,125700	54,000000
0736	0,212521	0,407100	0,993800	0,124475	62,000000
0737	0,205780	0,421575	0,995300	0,125050	47,000000
0738	0,202620	0,414975	0,995600	0,125200	44,000000
0739	0,205815	0,406200	0,994500	0,124500	55,000000
0740	0,209664	0,409700	0,994500	0,125175	55,000000
0741	0,210385	0,409150	0,994400	0,125550	56,000000
0742	0,209769	0,402500	0,994200	0,126325	58,000000
0743	0,210523	0,415150	0,994800	0,125375	52,000000
0744	0,207602	0,418275	0,995100	0,124850	49,000000
0745	0,207932	0,413000	0,994900	0,125675	51,000000
0746	0,208386	0,416675	0,994100	0,125575	59,000000
0747	0,202478	0,422675	0,995000	0,124400	50,000000
0748	0,205156	0,412625	0,995000	0,124950	50,000000
0749	0,199135	0,414675	0,996700	0,125750	33,000000
0750	0,199334	0,411575	0,995400	0,124975	46,000000
0751	0,506486	0,424850	0,994900	0,126650	51,000000
0752	0,345072	0,435875	0,991400	0,124075	86,000000
0753	0,283126	0,436050	0,991500	0,123100	85,000000
0754	0,253403	0,418475	0,992400	0,125275	76,000000
0755	0,241402	0,411450	0,992400	0,124400	76,000000
0756	0,232208	0,400850	0,993200	0,123925	68,000000
0757	0,226414	0,397750	0,993800	0,125700	62,000000
0758	0,226848	0,386825	0,992300	0,125850	77,000000
0759	0,220029	0,393450	0,994300	0,124500	57,000000
0760	0,214908	0,391325	0,994200	0,124825	58,000000
0761	0,213689	0,390850	0,994700	0,124275	53,000000
0762	0,210509	0,391850	0,994700	0,124800	53,000000
0763	0,213211	0,391700	0,994800	0,123925	52,000000
0764	0,210943	0,394400	0,995200	0,126025	48,000000
0765	0,207066	0,389975	0,995600	0,125125	44,000000
0766	0,205398	0,392475	0,995600	0,124450	44,000000
0767	0,206742	0,384675	0,994500	0,124175	55,000000
0768	0,205981	0,382150	0,995300	0,125025	47,000000
0769	0,202753	0,389700	0,995200	0,125850	48,000000
0770	0,206320	0,388550	0,994200	0,124775	58,000000
0771	0,204771	0,394750	0,995800	0,125625	42,000000
0772	0,201202	0,386950	0,995100	0,124350	49,000000
0773	0,200389	0,381275	0,995400	0,123850	46,000000
0774	0,197046	0,386250	0,996100	0,124975	39,000000
0775	0,200046	0,379400	0,995500	0,125525	45,000000
0776	0,203399	0,389900	0,994200	0,125050	58,000000
0777	0,199660	0,387325	0,996100	0,123800	39,000000
0778	0,201740	0,388100	0,995100	0,124950	49,000000
0779	0,202107	0,390500	0,995100	0,125275	49,000000
0780	0,201751	0,398950	0,995800	0,125100	42,000000
0781	0,508042	0,429850	0,994900	0,124425	51,000000
0782	0,351045	0,442325	0,990400	0,126075	96,000000
0783	0,284175	0,439150	0,990600	0,123650	94,000000
0784	0,256218	0,426725	0,991900	0,125900	81,000000
0785	0,244154	0,413900	0,993100	0,126175	69,000000
0786	0,236146	0,402450	0,992200	0,124825	78,000000
0787	0,230449	0,407525	0,993700	0,124975	63,000000
0788	0,228943	0,397375	0,992300	0,125150	77,000000
0789	0,225284	0,400650	0,993200	0,124550	68,000000
0790	0,222612	0,392175	0,993700	0,126250	63,000000
0791	0,218174	0,399950	0,993800	0,125525	62,000000
0792	0,215333	0,399850	0,993900	0,126300	61,000000
0793	0,222578	0,391525	0,992100	0,124550	79,000000
0794	0,215851	0,391775	0,995400	0,124675	46,000000
0795	0,214563	0,398025	0,994000	0,126350	60,000000
0796	0,211332	0,392950	0,994000	0,125675	60,000000
0797	0,213606	0,392675	0,994200	0,125550	58,000000
0798	0,209937	0,400625	0,994400	0,124625	56,000000
0799	0,205920	0,395825	0,994700	0,123125	53,000000
0800	0,209160	0,390750	0,993700	0,124550	63,000000
0801	0,209644	0,385100	0,994500	0,125725	55,000000
0802	0,205833	0,399475	0,995300	0,125325	47,000000
0803	0,204477	0,392425	0,995300	0,125225	47,000000
0804	0,206120	0,392025	0,994700	0,125250	53,000000
0805	0,204554	0,403025	0,995100	0,127300	49,000000
0806	0,202302	0,404000	0,995600	0,123900	44,000000
0807	0,203574	0,398875	0,995600	0,124200	44,000000
0808	0,201158	0,400875	0,995500	0,124950	45,000000
0809	0,201684	0,397950	0,995800	0,124575	42,000000
0810	0,205147	0,396100	0,995000	0,126000	50,000000
0811	0,506787	0,428850	0,996000	0,125350	40,000000
0812	0,346755	0,443475	0,990800	0,123650	92,000000
0813	0,285305	0,438050	0,990200	0,124575	98,000000
0814	0,254695	0,431300	0,992800	0,125325	72,000000
0815	0,244138	0,415775	0,992100	0,125550	79,000000
0816	0,235420	0,408775	0,993300	0,124025	67,000000
0817	0,229082	0,412200	0,992800	0,125225	72,000000
0818	0,227291	0,412650	0,992900	0,125100	71,000000
0819	0,224629	0,405075	0,993200	0,125000	68,000000
0820	0,221083	0,406225	0,993500	0,125375	65,000000
0821	0,210709	0,400575	0,995400	0,124175	46,000000
0822	0,209418	0,404600	0,994200	0,124750	58,000000
0823	0,206630	0,408375	0,995600	0,123650	44,000000
0824	0,204954	0,400600	0,995800	0,124625	42,000000
0825	0,199868	0,402700	0,996000	0,125075	40,000000
0826	0,204136	0,403175	0,995400	0,125200	46,000000
0827	0,208728	0,402450	0,993400	0,123800	66,000000
0828	0,200373	0,402525	0,996600	0,125525	34,000000
0829	0,204008	0,401525	0,995200	0,123950	48,000000
0830	0,206009	0,393950	0,994800	0,125650	52,000000
0831	0,205639	0,400100	0,994900	0,125125	51,000000
0832	0,203437	0,395850	0,995500	0,123825	45,000000
0833	0,204481	0,390375	0,995000	0,126250	50,000000
0834	0,203653	0,405300	0,995400	0,124225	46,000000
0835	0,203019	0,393875	0,995100	0,123950	49,000000
0836	0,205759	0,390850	0,994300	0,125650	57,000000
0837	0,196126	0,402350	0,997000	0,125025	30,000000
0838	0,200476	0,399850	0,994900	0,125700	51,000000
0839	0,198612	0,401100	0,995300	0,124150	47,000000
0840	0,199472	0,402725	0,996500	0,125575	35,000000
0841	0,505202	0,432800	0,995700	0,123650	43,000000
0842	0,343381	0,433900	0,989900	0,124350	101,000000
0843	0,277048	0,429775	0,992200	0,123550	78,000000
0844	0,254378	0,416875	0,991700	0,125750	83,000000
0845	0,243766	0,405425	0,992000	0,124125	80,000000
0846	0,234555	0,397375	0,993900	0,125525	61,000000
0847	0,234887	0,397225	0,993500	0,124350	65,000000
0848	0,230088	0,391825	0,992900	0,125675	71,000000
0849	0,223875	0,392825	0,994500	0,124575	55,000000
0850	0,218577	0,391400	0,994500	0,123525	55,000000
0851	0,214298	0,394650	0,994900	0,124750	51,000000
0852	0,215958	0,387500	0,994900	0,123800	51,000000
0853	0,216905	0,389750	0,993300	0,123875	67,000000
0854	0,214906	0,392900	0,995000	0,124450	50,000000
0855	0,214199	0,391075	0,994200	0,125475	58,000000
0856	0,211326	0,383625	0,994900	0,125350	51,000000
0857	0,208978	0,390100	0,995000	0,125550	50,000000
0858	0,207120	0,385750	0,994400	0,125200	56,000000
0859	0,203412	0,396400	0,996100	0,123975	39,000000
0860	0,204912	0,391750	0,995700	0,124300	43,000000
0861	0,208342	0,394150	0,994000	0,125125	60,000000
0862	0,209675	0,388575	0,993900	0,124675	61,000000
0863	0,204158	0,392050	0,994400	0,125375	56,000000
0864	0,202842	0,385550	0,995200	0,124950	48,000000
0865	0,199409	0,391925	0,995300	0,125800	47,000000
0866	0,204033	0,390025	0,994900	0,124600	51,000000
0867	0,205221	0,388000	0,994400	0,125525	56,000000
0868	0,203193	0,385400	0,995100	0,124575	49,000000
0869	0,204348	0,385075	0,994800	0,125275	52,000000
0870	0,200580	0,387425	0,995500	0,124975	45,000000
0871	0,501493	0,431175	0,993900	0,124575	61,000000
0872	0,348111	0,434675	0,991200	0,126125	88,000000
0873	0,284431	0,433200	0,990500	0,125625	95,000000
0874	0,258656	0,422050	0,990700	0,126075	93,000000
0875	0,246532	0,403350	0,991800	0,124975	82,000000
0876	0,235729	0,405350	0,992400	0,124550	76,000000
0877	0,231422	0,397000	0,993400	0,125025	66,000000
0878	0,223074	0,398625	0,993700	0,124250	63,000000
0879	0,220832	0,399800	0,993500	0,126700	65,000000
0880	0,221403	0,402175	0,993200	0,125375	68,000000
0881	0,221534	0,399025	0,993300	0,125075	67,000000
0882	0,216560	0,400050	0,994900	0,124500	51,000000
0883	0,218516	0,391300	0,993800	0,124775	62,000000
0884	0,215494	0,393200	0,993500	0,125000	65,000000
0885	0,211487	0,392325	0,994400	0,124300	56,000000
0886	0,206925	0,391450	0,995200	0,125825	48,000000
0887	0,200539	0,399075	0,996500	0,125075	35,000000
0888	0,207516	0,383975	0,993000	0,125050	70,000000
0889	0,210587	0,379350	0,994400	0,125550	56,000000
0890	0,209263	0,381025	0,994500	0,124625	55,000000
0891	0,207329	0,383975	0,994400	0,125500	56,000000
0892	0,208301	0,392700	0,994400	0,124125	56,000000
0893	0,205812	0,385425	0,995200	0,124500	48,000000
0894	0,206008	0,403725	0,995000	0,123725	50,000000
0895	0,200648	0,398050	0,996700	0,124875	33,000000
0896	0,199642	0,399125	0,994800	0,124550	52,000000
0897	0,193902	0,395550	0,996800	0,125100	32,000000
0898	0,201720	0,396500	0,994400	0,125600	56,000000
0899	0,197247	0,388825	0,995800	0,123975	42,000000
0900	0,202118	0,389900	0,994100	0,124575	59,000000
0901	0,505268	0,429800	0,995400	0,126050	46,000000
0902	0,348513	0,444600	0,990400	0,126200	96,000000
0903	0,283016	0,443050	0,990400	0,124725	96,000000
0904	0,261162	0,434250	0,990600	0,122650	94,000000
0905	0,244176	0,425075	0,993000	0,126700	70,000000
0906	0,236577	0,413375	0,992700	0,124450	73,000000
0907	0,236035	0,410250	0,991600	0,125000	84,000000
0908	0,231734	0,401675	0,991400	0,125600	86,000000
0909	0,224570	0,409800	0,993600	0,124475	64,000000
0910	0,219969	0,408125	0,994000	0,124375	60,000000
0911	0,216877	0,394125	0,994100	0,126325	59,000000
0912	0,216159	0,397850	0,994300	0,124025	57,000000
0913	0,217533	0,392400	0,993500	0,123900	65,000000
0914	0,216637	0,389300	0,994100	0,126225	59,000000
0915	0,213011	0,398275	0,994300	0,124100	57,000000
0916	0,208214	0,405150	0,995700	0,123975	43,000000
0917	0,205645	0,409325	0,995400	0,125000	46,000000
0918	0,207044	0,408800	0,994900	0,125875	51,000000
0919	0,208464	0,400300	0,994400	0,123725	56,000000
0920	0,209433	0,404725	0,994300	0,123575	57,000000
0921	0,209109	0,404325	0,993900	0,123650	61,000000
0922	0,206597	0,407575	0,994300	0,124300	57,000000
0923	0,203678	0,399200	0,995200	0,124650	48,000000
0924	0,210015	0,395225	0,993600	0,124600	64,000000
0925	0,207392	0,400050	0,995200	0,124675	48,000000
0926	0,210963	0,408100	0,994200	0,125400	58,000000
0927	0,206236	0,398950	0,995200	0,123525	48,000000
0928	0,198047	0,405375	0,995500	0,124775	45,000000
0929	0,202095	0,404825	0,995000	0,125000	50,000000
0930	0,202230	0,397350	0,995400	0,124075	46,000000
0931	0,511190	0,436225	0,995900	0,124500	41,000000
0932	0,347658	0,442900	0,990700	0,124325	93,000000
0933	0,282956	0,435975	0,989400	0,125375	106,000000
0934	0,259067	0,421300	0,991700	0,124900	83,000000
0935	0,248204	0,415625	0,991900	0,125700	81,000000
0936	0,238609	0,403050	0,993400	0,125125	66,000000
0937	0,229177	0,404525	0,994200	0,124300	58,000000
0938	0,229933	0,401175	0,992800	0,124625	72,000000
0939	0,225514	0,398900	0,994100	0,125975	59,000000
0940	0,221633	0,397500	0,993800	0,124700	62,000000
0941	0,223188	0,396275	0,993400	0,126475	66,000000
0942	0,218878	0,398650	0,994000	0,125625	60,000000
0943	0,213741	0,397625	0,993300	0,123875	67,000000
0944	0,214152	0,396125	0,994800	0,124425	52,000000
0945	0,211339	0,390525	0,994600	0,124325	54,000000
0946	0,208280	0,400875	0,995200	0,126900	48,000000
0947	0,207437	0,403875	0,994700	0,123750	53,000000
0948	0,208659	0,403250	0,995200	0,125775	48,000000
0949	0,204334	0,405150	0,995100	0,124675	49,000000
0950	0,207175	0,400900	0,994700	0,123800	53,000000
0951	0,203286	0,400725	0,994800	0,124625	52,000000
0952	0,202196	0,397700	0,995700	0,125300	43,000000
0953	0,204416	0,399950	0,994700	0,124850	53,000000
0954	0,204300	0,393000	0,994800	0,126125	52,000000
0955	0,201136	0,390875	0,995100	0,125500	49,000000
0956	0,202109	0,395950	0,995000	0,124800	50,000000
0957	0,199587	0,394150	0,994900	0,125975	51,000000
0958	0,198106	0,400775	0,995700	0,125425	43,000000
0959	0,198817	0,405175	0,996100	0,124850	39,000000
0960	0,199807	0,399450	0,995800	0,125600	42,000000
0961	0,503535	0,436175	0,994700	0,125025	53,000000
0962	0,342036	0,448400	0,990800	0,124375	92,000000
0963	0,276545	0,440750	0,991000	0,124650	90,000000
0964	0,255037	0,438600	0,992000	0,123000	80,000000
0965	0,245288	0,419625	0,991500	0,124425	85,000000
0966	0,238134	0,416975	0,993000	0,125825	70,000000
0967	0,233092	0,411000	0,993700	0,125575	63,000000
0968	0,229181	0,420425	0,992600	0,124750	74,000000
0969	0,224478	0,410725	0,993800	0,126050	62,000000
0970	0,221921	0,407750	0,993800	0,124700	62,000000
0971	0,217792	0,406750	0,994300	0,124950	57,000000
0972	0,216422	0,411200	0,994400	0,126200	56,000000
0973	0,212304	0,411625	0,994700	0,124450	53,000000
0974	0,210367	0,414675	0,994500	0,126450	55,000000
0975	0,210283	0,409500	0,994700	0,124150	53,000000
0976	0,206916	0,412125	0,995000	0,124425	50,000000
0977	0,206826	0,408925	0,995100	0,124325	49,000000
0978	0,203921	0,408625	0,994200	0,123975	58,000000
0979	0,208739	0,404625	0,993800	0,127500	62,000000
0980	0,206773	0,404075	0,994400	0,124950	56,000000
0981	0,204826	0,409550	0,995700	0,125575	43,000000
0982	0,207726	0,407825	0,994200	0,125925	58,000000
0983	0,207202	0,413200	0,995000	0,125200	50,000000
0984	0,202421	0,410575	0,995900	0,123375	41,000000
0985	0,205329	0,414525	0,994600	0,126775	54,000000
0986	0,204981	0,411625	0,995100	0,125000	49,000000
0987	0,205356	0,408400	0,994800	0,124400	52,000000
0988	0,200982	0,415100	0,996200	0,125750	38,000000
0989	0,202915	0,419700	0,994200	0,124625	58,000000
0990	0,204241	0,411325	0,994300	0,125475	57,000000
0991	0,503944	0,436025	0,994100	0,125100	59,000000
0992	0,351420	0,444450	0,990700	0,125350	93,000000
0993	0,286562	0,446350	0,990600	0,124650	94,000000
0994	0,259917	0,438500	0,991600	0,124825	84,000000
0995	0,247706	0,421475	0,991500	0,122475	85,000000
0996	0,238367	0,414400	0,993100	0,125700	69,000000
0997	0,225678	0,414900	0,994100	0,124975	59,000000
0998	0,230060	0,403425	0,991900	0,126450	81,000000
0999	0,227272	0,399775	0,993700	0,125750	63,000000
1000	0,226501	0,402250	0,992900	0,123650	71,000000
1001	0,218826	0,405575	0,994000	0,124300	60,000000
1002	0,216498	0,396175	0,994300	0,124050	57,000000
1003	0,211367	0,410600	0,994500	0,124000	55,000000
1004	0,211479	0,413650	0,994300	0,125025	57,000000
1005	0,215462	0,411450	0,992800	0,125025	72,000000
1006	0,218024	0,396900	0,993300	0,126150	67,000000
1007	0,211442	0,395950	0,994700	0,124575	53,000000
1008	0,207969	0,407250	0,994500	0,125100	55,000000
1009	0,210947	0,401675	0,993900	0,124150	61,000000
1010	0,207667	0,408000	0,995100	0,124125	49,000000
1011	0,215809	0,403625	0,992600	0,125325	74,000000
1012	0,213827	0,402600	0,993600	0,125225	64,000000
1013	0,211715	0,408050	0,994400	0,124550	56,000000
1014	0,211071	0,405125	0,994400	0,125050	56,000000
1015	0,206214	0,403850	0,995600	0,124375	44,000000
1016	0,209574	0,403000	0,994600	0,123700	54,000000
1017	0,210372	0,398200	0,993300	0,125300	67,000000
1018	0,209558	0,401100	0,994200	0,123925	58,000000
1019	0,205406	0,405925	0,994500	0,126800	55,000000
1020	0,200772	0,408450	0,995800	0,124325	42,000000
1021	0,508065	0,437175	0,993700	0,125150	63,000000
1022	0,345542	0,441075	0,990600	0,124775	94,000000
1023	0,280032	0,442250	0,992100	0,124250	79,000000
1024	0,252699	0,436975	0,992400	0,125050	76,000000
1025	0,243806	0,418850	0,992600	0,125300	74,000000
1026	0,239007	0,414775	0,992400	0,125500	76,000000
1027	0,229683	0,410750	0,993200	0,125375	68,000000
1028	0,227359	0,402200	0,993700	0,124850	63,000000
1029	0,219703	0,403975	0,994100	0,126075	59,000000
1030	0,216280	0,402550	0,995100	0,126450	49,000000
1031	0,216558	0,400500	0,993400	0,123775	66,000000
1032	0,217939	0,399775	0,995200	0,127175	48,000000
1033	0,212752	0,396850	0,994600	0,124850	54,000000
1034	0,213382	0,400750	0,994900	0,124075	51,000000
1035	0,211964	0,402100	0,994000	0,124900	60,000000
1036	0,217793	0,394300	0,994000	0,124750	60,000000
1037	0,206746	0,400975	0,995700	0,124650	43,000000
1038	0,212266	0,404325	0,993600	0,125975	64,000000
1039	0,206328	0,407975	0,994900	0,125075	51,000000
1040	0,210258	0,399675	0,994100	0,124250	59,000000
1041	0,204880	0,402325	0,996000	0,125050	40,000000
1042	0,203726	0,404300	0,994900	0,125100	51,000000
1043	0,205349	0,390100	0,995000	0,126200	50,000000
1044	0,208071	0,393250	0,993800	0,125450	62,000000
1045	0,205166	0,397225	0,994500	0,123400	55,000000
1046	0,202321	0,397925	0,995500	0,124975	45,000000
1047	0,199331	0,401775	0,996000	0,123500	40,000000
1048	0,196016	0,411625	0,996500	0,124900	35,000000
1049	0,202311	0,404425	0,993800	0,124975	62,000000
1050	0,199819	0,403275	0,996400	0,124375	36,000000
1051	0,503515	0,426225	0,995200	0,124000	48,000000
1052	0,348523	0,444900	0,991200	0,126200	88,000000
1053	0,286235	0,440300	0,990600	0,125500	94,000000
1054	0,260069	0,425075	0,991600	0,122975	84,000000
1055	0,247752	0,413550	0,991700	0,124875	83,000000
1056	0,241373	0,416150	0,991800	0,124425	82,000000
1057	0,238171	0,408300	0,992100	0,125675	79,000000
1058	0,226326	0,400525	0,993700	0,126175	63,000000
1059	0,224393	0,401900	0,993700	0,124200	63,000000
1060	0,224453	0,405650	0,992200	0,125950	78,000000
1061	0,219923	0,402675	0,994600	0,125875	54,000000
1062	0,215629	0,403200	0,993300	0,122275	67,000000
1063	0,216217	0,407200	0,994000	0,124950	60,000000
1064	0,222664	0,403900	0,992300	0,125925	77,000000
1065	0,219005	0,403300	0,992900	0,126125	71,000000
1066	0,215691	0,401600	0,994300	0,124275	57,000000
1067	0,211872	0,407675	0,993900	0,123100	61,000000
1068	0,209809	0,408800	0,994600	0,123975	54,000000
1069	0,206388	0,408000	0,995300	0,123025	47,000000
1070	0,210135	0,401075	0,994100	0,128175	59,000000
1071	0,211002	0,399600	0,993000	0,124425	70,000000
1072	0,208484	0,402950	0,994100	0,124625	59,000000
1073	0,208790	0,400800	0,994900	0,125050	51,000000
1074	0,205065	0,408425	0,994800	0,124350	52,000000
1075	0,210171	0,403975	0,993700	0,124625	63,000000
1076	0,208919	0,405275	0,994200	0,124875	58,000000
1077	0,203699	0,407300	0,994800	0,123175	52,000000
1078	0,207201	0,404075	0,995100	0,125725	49,000000
1079	0,208442	0,403300	0,994000	0,124350	60,000000
1080	0,204553	0,402300	0,995800	0,124925	42,000000
1081	0,507368	0,429375	0,994200	0,124225	58,000000
1082	0,348240	0,443025	0,989700	0,124725	103,000000
1083	0,286265	0,434250	0,992100	0,125375	79,000000
1084	0,261930	0,426325	0,991300	0,124600	87,000000
1085	0,244882	0,425075	0,992400	0,123600	76,000000
1086	0,237727	0,416600	0,993200	0,124550	68,000000
1087	0,234548	0,416825	0,992500	0,125525	75,000000
1088	0,233459	0,409750	0,992300	0,125375	77,000000
1089	0,228686	0,405000	0,993700	0,125250	63,000000
1090	0,224357	0,403025	0,993600	0,126025	64,000000
1091	0,223323	0,404850	0,993100	0,124950	69,000000
1092	0,222390	0,401325	0,993900	0,126175	61,000000
1093	0,215676	0,408875	0,995200	0,126675	48,000000
1094	0,211882	0,413425	0,995000	0,124550	50,000000
1095	0,213258	0,403875	0,993200	0,125300	68,000000
1096	0,212483	0,408175	0,993100	0,123400	69,000000
1097	0,208891	0,408075	0,995400	0,124825	46,000000
1098	0,206065	0,408525	0,994600	0,124775	54,000000
1099	0,205073	0,406175	0,995000	0,124575	50,000000
1100	0,202859	0,399800	0,995000	0,125400	50,000000
1101	0,207301	0,401600	0,993900	0,124875	61,000000
1102	0,208769	0,405100	0,994500	0,124050	55,000000
1103	0,208793	0,409925	0,994800	0,125075	52,000000
1104	0,203358	0,409350	0,995900	0,125975	41,000000
1105	0,204864	0,402225	0,994100	0,125375	59,000000
1106	0,206788	0,405575	0,994000	0,125775	60,000000
1107	0,203769	0,402175	0,995100	0,124100	49,000000
1108	0,202213	0,407450	0,994300	0,125700	57,000000
1109	0,206770	0,400125	0,994200	0,126025	58,000000
1110	0,203772	0,400000	0,994400	0,124300	56,000000
1111	0,510595	0,428100	0,995200	0,125125	48,000000
1112	0,348244	0,440850	0,990400	0,124850	96,000000
1113	0,281372	0,434450	0,990100	0,123825	99,000000
1114	0,258165	0,424475	0,992200	0,125375	78,000000
1115	0,247207	0,417500	0,990800	0,124925	92,000000
1116	0,237025	0,408525	0,992800	0,124750	72,000000
1117	0,235026	0,400875	0,992500	0,124650	75,000000
1118	0,228958	0,403425	0,993700	0,124475	63,000000
1119	0,221642	0,406575	0,995100	0,124650	49,000000
1120	0,219726	0,397050	0,994400	0,124775	56,000000
1121	0,221482	0,400075	0,993900	0,124825	61,000000
1122	0,217282	0,392125	0,993700	0,122700	63,000000
1123	0,214626	0,389750	0,994100	0,123925	59,000000
1124	0,214470	0,389125	0,994300	0,124450	57,000000
1125	0,213107	0,391050	0,994000	0,124150	60,000000
1126	0,211000	0,393200	0,993800	0,125125	62,000000
1127	0,209985	0,391900	0,994400	0,124100	56,000000
1128	0,207677	0,391125	0,994800	0,124325	52,000000
1129	0,203312	0,391700	0,994600	0,125300	54,000000
1130	0,210811	0,383125	0,994600	0,126300	54,000000
1131	0,207793	0,397925	0,995500	0,124900	45,000000
1132	0,205192	0,392200	0,994900	0,125200	51,000000
1133	0,205335	0,397425	0,995000	0,124750	50,000000
1134	0,199159	0,395425	0,995900	0,125600	41,000000
1135	0,199079	0,400200	0,995700	0,125425	43,000000
1136	0,198298	0,390850	0,994800	0,124350	52,000000
1137	0,199735	0,388375	0,995200	0,125650	48,000000
1138	0,197940	0,393100	0,996000	0,125050	40,000000
1139	0,202305	0,394675	0,995300	0,124775	47,000000
1140	0,199745	0,399325	0,995000	0,124525	50,000000
1141	0,506191	0,429550	0,994900	0,124100	51,000000
1142	0,345216	0,437575	0,991900	0,124200	81,000000
1143	0,280576	0,441225	0,990900	0,123925	91,000000
1144	0,256384	0,420125	0,993300	0,124700	67,000000
1145	0,247196	0,409650	0,991400	0,125350	86,000000
1146	0,239193	0,394300	0,992500	0,123275	75,000000
1147	0,231176	0,392475	0,994500	0,125525	55,000000
1148	0,228303	0,390325	0,992000	0,125550	80,000000
1149	0,224574	0,388475	0,994000	0,125200	60,000000
1150	0,222462	0,393050	0,993600	0,125275	64,000000
1151	0,220784	0,384125	0,994300	0,124400	57,000000
1152	0,219108	0,389725	0,993700	0,125600	63,000000
1153	0,216633	0,391775	0,993900	0,124025	61,000000
1154	0,211396	0,397725	0,995500	0,123725	45,000000
1155	0,211476	0,395200	0,994400	0,125600	56,000000
1156	0,208124	0,395400	0,994700	0,124950	53,000000
1157	0,206037	0,391075	0,995100	0,126075	49,000000
1158	0,211463	0,383800	0,994100	0,124625	59,000000
1159	0,208565	0,387475	0,995500	0,124400	45,000000
1160	0,207590	0,387950	0,995000	0,124950	50,000000
1161	0,206421	0,389075	0,995400	0,125050	46,000000
1162	0,207798	0,391600	0,993800	0,125200	62,000000
1163	0,207004	0,386475	0,994100	0,125650	59,000000
1164	0,199173	0,389225	0,996300	0,126225	37,000000
1165	0,202653	0,387550	0,995300	0,124075	47,000000
1166	0,197324	0,389800	0,996100	0,124550	39,000000
1167	0,200747	0,396425	0,995500	0,124525	45,000000
1168	0,199275	0,392525	0,995500	0,125075	45,000000
1169	0,202906	0,390275	0,994300	0,124175	57,000000
1170	0,203679	0,391100	0,994700	0,124650	53,000000
1171	0,507405	0,428725	0,995300	0,124825	47,000000
1172	0,340990	0,446850	0,991700	0,124175	83,000000
1173	0,279660	0,442575	0,991100	0,124350	89,000000
1174	0,262788	0,441100	0,990200	0,123975	98,000000
1175	0,246619	0,434400	0,992900	0,125275	71,000000
1176	0,234567	0,411000	0,993700	0,125000	63,000000
1177	0,228228	0,408325	0,994400	0,125550	56,000000
1178	0,227793	0,402775	0,993700	0,124600	63,000000
1179	0,223370	0,411425	0,993200	0,124825	68,000000
1180	0,223906	0,400700	0,993300	0,125925	67,000000
1181	0,223155	0,395950	0,993000	0,124325	70,000000
1182	0,218811	0,402350	0,994400	0,125700	56,000000
1183	0,214864	0,411525	0,993400	0,123825	66,000000
1184	0,214090	0,419300	0,994800	0,125200	52,000000
1185	0,209893	0,409550	0,994900	0,124575	51,000000
1186	0,211001	0,408025	0,994100	0,123975	59,000000
1187	0,212080	0,405875	0,994200	0,123500	58,000000
1188	0,207387	0,404675	0,994800	0,125400	52,000000
1189	0,209069	0,401875	0,994700	0,124525	53,000000
1190	0,199228	0,415825	0,996600	0,126050	34,000000
1191	0,200466	0,411875	0,995400	0,124350	46,000000
1192	0,204877	0,409175	0,994300	0,125700	57,000000
1193	0,206213	0,410850	0,993900	0,124875	61,000000
1194	0,203973	0,405500	0,995300	0,123450	47,000000
1195	0,199676	0,406175	0,996300	0,125125	37,000000
1196	0,201398	0,410975	0,995500	0,123850	45,000000
1197	0,201569	0,406900	0,995300	0,124900	47,000000
1198	0,201010	0,401250	0,995300	0,125050	47,000000
1199	0,200526	0,403225	0,995000	0,123350	50,000000
1200	0,203559	0,402725	0,995300	0,124725	47,000000
1201	0,511657	0,434000	0,995100	0,128225	49,000000
1202	0,351184	0,437350	0,990400	0,126025	96,000000
1203	0,286919	0,439975	0,990100	0,124950	99,000000
1204	0,263053	0,420275	0,990300	0,124575	97,000000
1205	0,248190	0,420475	0,990700	0,125000	93,000000
1206	0,240773	0,417775	0,991200	0,124875	88,000000
1207	0,234823	0,408400	0,993300	0,123675	67,000000
1208	0,229921	0,405950	0,992500	0,125425	75,000000
1209	0,223780	0,413400	0,993500	0,123875	65,000000
1210	0,225250	0,406050	0,992900	0,126100	71,000000
1211	0,225353	0,409875	0,992100	0,123925	79,000000
1212	0,226573	0,405175	0,993000	0,125225	70,000000
1213	0,222984	0,409300	0,993500	0,125950	65,000000
1214	0,220219	0,409550	0,993900	0,125125	61,000000
1215	0,214690	0,407375	0,994600	0,124025	54,000000
1216	0,213663	0,408575	0,995000	0,125725	50,000000
1217	0,212300	0,400750	0,993900	0,124775	61,000000
1218	0,213560	0,406950	0,994900	0,126375	51,000000
1219	0,211346	0,409100	0,993900	0,125325	61,000000
1220	0,210523	0,407625	0,994700	0,125650	53,000000
1221	0,210098	0,409100	0,993900	0,125350	61,000000
1222	0,207332	0,407000	0,995500	0,123975	45,000000
1223	0,213506	0,406125	0,993000	0,125450	70,000000
1224	0,208454	0,413050	0,994500	0,125050	55,000000
1225	0,210200	0,403275	0,993800	0,124950	62,000000
1226	0,209133	0,402325	0,994100	0,123950	59,000000
1227	0,206275	0,408375	0,995600	0,124975	44,000000
1228	0,205493	0,409500	0,994400	0,124400	56,000000
1229	0,204480	0,404725	0,995500	0,123550	45,000000
1230	0,203936	0,407775	0,995500	0,122950	45,000000
1231	0,506958	0,426725	0,994600	0,125025	54,000000
1232	0,348783	0,433725	0,992100	0,124850	79,000000
1233	0,286685	0,431750	0,990600	0,125550	94,000000
1234	0,264618	0,415625	0,990100	0,125275	99,000000
1235	0,249212	0,398675	0,991200	0,123725	88,000000
1236	0,240202	0,394825	0,992600	0,124500	74,000000
1237	0,234207	0,391425	0,992000	0,125450	80,000000
1238	0,229506	0,388075	0,993000	0,124750	70,000000
1239	0,226728	0,381825	0,993300	0,125250	67,000000
1240	0,219424	0,387975	0,994800	0,125175	52,000000
1241	0,218987	0,388600	0,993700	0,125800	63,000000
1242	0,217609	0,381225	0,993700	0,126400	63,000000
1243	0,213306	0,391075	0,994500	0,125725	55,000000
1244	0,212494	0,383925	0,994900	0,125275	51,000000
1245	0,210879	0,392900	0,994300	0,124225	57,000000
1246	0,208771	0,390125	0,995100	0,125525	49,000000
1247	0,203593	0,389125	0,995300	0,122375	47,000000
1248	0,206250	0,387725	0,994000	0,124025	60,000000
1249	0,208517	0,381475	0,995100	0,125375	49,000000
1250	0,205966	0,387575	0,994900	0,125275	51,000000
1251	0,203513	0,392325	0,995000	0,124300	50,000000
1252	0,207383	0,382750	0,994100	0,124050	59,000000
1253	0,207478	0,386475	0,994400	0,124525	56,000000
1254	0,207232	0,384000	0,994400	0,125325	56,000000
1255	0,209337	0,387075	0,994700	0,125475	53,000000
1256	0,210095	0,384875	0,993300	0,122975	67,000000
1257	0,204194	0,385675	0,995100	0,126500	49,000000
1258	0,203257	0,387875	0,994300	0,123575	57,000000
1259	0,199986	0,387675	0,995500	0,123650	45,000000
1260	0,205489	0,386575	0,994400	0,125575	56,000000
1261	0,512897	0,432350	0,995500	0,124375	45,000000
1262	0,351498	0,438325	0,990800	0,126975	92,000000
1263	0,287448	0,443975	0,990000	0,124925	100,000000
1264	0,258588	0,432550	0,991500	0,123975	85,000000
1265	0,247901	0,426425	0,991700	0,126375	83,000000
1266	0,242523	0,408725	0,992600	0,126575	74,000000
1267	0,236530	0,404375	0,991800	0,124475	82,000000
1268	0,233210	0,406025	0,992900	0,125400	71,000000
1269	0,230200	0,398700	0,992000	0,125275	80,000000
1270	0,223293	0,401875	0,994100	0,124475	59,000000
1271	0,228363	0,394700	0,992000	0,123825	80,000000
1272	0,224023	0,397450	0,993100	0,124450	69,000000
1273	0,221877	0,392225	0,992900	0,125775	71,000000
1274	0,218335	0,396550	0,993900	0,124650	61,000000
1275	0,219985	0,399150	0,993200	0,126225	68,000000
1276	0,213559	0,405575	0,995200	0,125175	48,000000
1277	0,209606	0,409275	0,995000	0,125075	50,000000
1278	0,211659	0,407850	0,994600	0,126050	54,000000
1279	0,215906	0,402450	0,993500	0,124475	65,000000
1280	0,211526	0,396950	0,994300	0,125125	57,000000
1281	0,210815	0,396400	0,994000	0,124200	60,000000
1282	0,214236	0,392450	0,994300	0,125650	57,000000
1283	0,210124	0,400850	0,994500	0,125025	55,000000
1284	0,205994	0,407525	0,996000	0,124225	40,000000
1285	0,206671	0,402875	0,994700	0,125325	53,000000
1286	0,204353	0,415450	0,995000	0,125650	50,000000
1287	0,209834	0,406025	0,993400	0,124700	66,000000
1288	0,201593	0,417175	0,996500	0,125325	35,000000
1289	0,206208	0,404800	0,994300	0,125025	57,000000
1290	0,206407	0,401600	0,993500	0,124250	65,000000
1291	0,514463	0,432900	0,995600	0,126425	44,000000
1292	0,346074	0,442800	0,992500	0,124750	75,000000
1293	0,286618	0,435650	0,989900	0,123700	101,000000
1294	0,261750	0,423125	0,990600	0,124500	94,000000
1295	0,248192	0,408250	0,992100	0,124650	79,000000
1296	0,236990	0,415975	0,992800	0,124550	72,000000
1297	0,232303	0,409350	0,993300	0,124625	67,000000
1298	0,223981	0,405900	0,994200	0,126050	58,000000
1299	0,223251	0,404000	0,992700	0,125525	73,000000
1300	0,223783	0,388900	0,993900	0,124925	61,000000
1301	0,217603	0,404125	0,994600	0,125850	54,000000
1302	0,214205	0,398400	0,994000	0,125750	60,000000
1303	0,219579	0,397900	0,993400	0,125225	66,000000
1304	0,221508	0,398225	0,992000	0,124425	80,000000
1305	0,216315	0,400600	0,994300	0,125350	57,000000
1306	0,209705	0,413075	0,995200	0,125000	48,000000
1307	0,215836	0,402375	0,994200	0,125550	58,000000
1308	0,208615	0,402925	0,995600	0,125100	44,000000
1309	0,207028	0,406175	0,995900	0,124450	41,000000
1310	0,205989	0,398675	0,994100	0,124300	59,000000
1311	0,207205	0,406100	0,994500	0,125250	55,000000
1312	0,205330	0,410450	0,995300	0,124850	47,000000
1313	0,209071	0,399075	0,993500	0,123675	65,000000
1314	0,207005	0,396675	0,995900	0,124650	41,000000
1315	0,208248	0,394400	0,994200	0,126800	58,000000
1316	0,203407	0,393225	0,995000	0,124675	50,000000
1317	0,200590	0,397875	0,995600	0,125600	44,000000
1318	0,197268	0,399625	0,995800	0,124475	42,000000
1319	0,203023	0,396800	0,993400	0,124975	66,000000
1320	0,200201	0,399300	0,995900	0,123725	41,000000
1321	0,503644	0,432750	0,996100	0,125600	39,000000
1322	0,348665	0,434825	0,989600	0,125175	104,000000
1323	0,284583	0,431875	0,990700	0,125100	93,000000
1324	0,259070	0,413800	0,991500	0,124850	85,000000
1325	0,247498	0,405700	0,992300	0,125200	77,000000
1326	0,234710	0,396250	0,993300	0,125275	67,000000
1327	0,233149	0,396000	0,993200	0,124675	68,000000
1328	0,228659	0,392425	0,993600	0,124300	64,000000
1329	0,229938	0,391200	0,992600	0,123525	74,000000
1330	0,220644	0,387425	0,994000	0,125600	60,000000
1331	0,224186	0,382650	0,992800	0,124150	72,000000
1332	0,218572	0,391900	0,993600	0,125300	64,000000
1333	0,211717	0,395150	0,995200	0,125000	48,000000
1334	0,214685	0,393900	0,993600	0,123725	64,000000
1335	0,213048	0,389550	0,994900	0,125125	51,000000
1336	0,212266	0,385550	0,994900	0,124700	51,000000
1337	0,212802	0,384575	0,993600	0,126225	64,000000
1338	0,212435	0,385525	0,993500	0,124925	65,000000
1339	0,205575	0,391950	0,995700	0,123450	43,000000
1340	0,213005	0,383925	0,993600	0,124300	64,000000
1341	0,209419	0,392850	0,994700	0,126425	53,000000
1342	0,207129	0,391200	0,994800	0,125225	52,000000
1343	0,205443	0,387075	0,994600	0,124875	54,000000
1344	0,204664	0,385500	0,996000	0,126550	40,000000
1345	0,211503	0,384575	0,993600	0,124950	64,000000
1346	0,209989	0,386675	0,993700	0,124925	63,000000
1347	0,206665	0,392775	0,994900	0,125975	51,000000
1348	0,203433	0,396975	0,994600	0,123500	54,000000
1349	0,204540	0,398300	0,995900	0,124525	41,000000
1350	0,205642	0,393675	0,995300	0,125025	47,000000
1351	0,503395	0,435500	0,995800	0,125025	42,000000
1352	0,344510	0,447300	0,992000	0,125450	80,000000
1353	0,287061	0,441050	0,989500	0,124275	105,000000
1354	0,260098	0,423175	0,991300	0,124775	87,000000
1355	0,245499	0,413925	0,991800	0,124575	82,000000
1356	0,237691	0,417300	0,992400	0,122525	76,000000
1357	0,233848	0,404725	0,992100	0,123675	79,000000
1358	0,224344	0,405350	0,994000	0,126075	60,000000
1359	0,219155	0,406900	0,994300	0,125375	57,000000
1360	0,221100	0,413050	0,994000	0,124275	60,000000
1361	0,219019	0,404900	0,995100	0,124325	49,000000
1362	0,220977	0,402950	0,993400	0,125475	66,000000
1363	0,216057	0,399250	0,995100	0,124550	49,000000
1364	0,212717	0,403775	0,994700	0,125200	53,000000
1365	0,214109	0,411325	0,993100	0,123850	69,000000
1366	0,213230	0,400175	0,993200	0,122750	68,000000
1367	0,213305	0,399075	0,994500	0,124000	55,000000
1368	0,215362	0,394250	0,992500	0,126725	75,000000
1369	0,215819	0,401150	0,992600	0,125550	74,000000
1370	0,216795	0,402050	0,993300	0,124000	67,000000
1371	0,214511	0,401400	0,993800	0,125325	62,000000
1372	0,210379	0,406850	0,994600	0,126175	54,000000
1373	0,205921	0,405700	0,994800	0,124625	52,000000
1374	0,207735	0,402750	0,994100	0,125375	59,000000
1375	0,204455	0,401750	0,994900	0,125100	51,000000
1376	0,208403	0,403200	0,994300	0,125600	57,000000
1377	0,203978	0,407000	0,995800	0,124300	42,000000
1378	0,206460	0,399475	0,994600	0,124325	54,000000
1379	0,203239	0,402275	0,994900	0,124275	51,000000
1380	0,202243	0,402500	0,995200	0,123975	48,000000
1381	0,504904	0,433050	0,994800	0,123975	52,000000
1382	0,347492	0,439900	0,990200	0,126025	98,000000
1383	0,280374	0,445875	0,991300	0,123225	87,000000
1384	0,255430	0,427000	0,991800	0,125150	82,000000
1385	0,244157	0,418100	0,992600	0,122825	74,000000
1386	0,242459	0,412800	0,990400	0,125175	96,000000
1387	0,231384	0,408100	0,993400	0,124325	66,000000
1388	0,227766	0,402325	0,992100	0,126125	79,000000
1389	0,226923	0,402775	0,992900	0,124050	71,000000
1390	0,223930	0,402600	0,993600	0,124925	64,000000
1391	0,219864	0,401975	0,993800	0,124550	62,000000
1392	0,219242	0,400100	0,993500	0,125000	65,000000
1393	0,220843	0,399075	0,993900	0,125225	61,000000
1394	0,217142	0,400675	0,993600	0,124875	64,000000
1395	0,212457	0,405300	0,994200	0,125000	58,000000
1396	0,203510	0,397900	0,995500	0,123925	45,000000
1397	0,202247	0,397475	0,996300	0,125475	37,000000
1398	0,208459	0,412600	0,994400	0,125800	56,000000
1399	0,205875	0,406150	0,994700	0,123500	53,000000
1400	0,205267	0,412800	0,995700	0,125025	43,000000
1401	0,206596	0,408450	0,994300	0,125350	57,000000
1402	0,201638	0,403325	0,995300	0,124400	47,000000
1403	0,199437	0,400700	0,995400	0,125300	46,000000
1404	0,199484	0,411625	0,995000	0,125250	50,000000
1405	0,200894	0,402700	0,995000	0,124575	50,000000
1406	0,200619	0,403000	0,995200	0,125100	48,000000
1407	0,196562	0,413250	0,996200	0,123025	38,000000
1408	0,201666	0,403050	0,994700	0,124725	53,000000
1409	0,200542	0,410075	0,994600	0,124925	54,000000
1410	0,203125	0,399800	0,995100	0,124375	49,000000
1411	0,512103	0,442500	0,995200	0,125875	48,000000
1412	0,351979	0,451625	0,989900	0,124625	101,000000
1413	0,288884	0,441050	0,990600	0,124625	94,000000
1414	0,260731	0,432950	0,989100	0,124625	109,000000
1415	0,247194	0,419975	0,991500	0,124875	85,000000
1416	0,239953	0,415900	0,992900	0,124350	71,000000
1417	0,233702	0,423925	0,992700	0,124800	73,000000
1418	0,230241	0,407100	0,993000	0,124800	70,000000
1419	0,222745	0,404375	0,994600	0,122775	54,000000
1420	0,220780	0,402775	0,993300	0,124975	67,000000
1421	0,218695	0,407500	0,994600	0,126125	54,000000
1422	0,215536	0,407075	0,993700	0,125350	63,000000
1423	0,213171	0,400775	0,994200	0,124700	58,000000
1424	0,213169	0,405550	0,994700	0,125950	53,000000
1425	0,213844	0,401075	0,994200	0,125050	58,000000
1426	0,213435	0,407850	0,994500	0,124925	55,000000
1427	0,207990	0,410250	0,995600	0,124875	44,000000
1428	0,208471	0,403975	0,995400	0,124550	46,000000
1429	0,207228	0,412100	0,994700	0,126275	53,000000
1430	0,204024	0,410900	0,995300	0,123250	47,000000
1431	0,206473	0,413700	0,995000	0,123225	50,000000
1432	0,204655	0,403200	0,995000	0,125075	50,000000
1433	0,199106	0,406275	0,996000	0,125000	40,000000
1434	0,199697	0,404875	0,995200	0,125200	48,000000
1435	0,207321	0,394175	0,994200	0,125750	58,000000
1436	0,203057	0,402825	0,995800	0,124325	42,000000
1437	0,203317	0,399525	0,995200	0,124950	48,000000
1438	0,200565	0,413150	0,995200	0,123250	48,000000
1439	0,203111	0,406600	0,994600	0,126350	54,000000
1440	0,200410	0,406575	0,995700	0,124600	43,000000
1441	0,504428	0,435925	0,995600	0,125400	44,000000
1442	0,342711	0,445275	0,990300	0,124975	97,000000
1443	0,284452	0,437300	0,990700	0,123775	93,000000
1444	0,255079	0,438425	0,992800	0,124175	72,000000
1445	0,244224	0,419200	0,992200	0,125075	78,000000
1446	0,242868	0,414025	0,990900	0,126325	91,000000
1447	0,232864	0,407350	0,992800	0,125375	72,000000
1448	0,225222	0,404225	0,993900	0,124500	61,000000
1449	0,224273	0,403275	0,992800	0,125500	72,000000
1450	0,220747	0,398850	0,994300	0,124225	57,000000
1451	0,209338	0,401550	0,995600	0,124775	44,000000
1452	0,210225	0,401025	0,995200	0,125025	48,000000
1453	0,213317	0,396250	0,993800	0,125350	62,000000
1454	0,211010	0,397550	0,994300	0,124800	57,000000
1455	0,210548	0,408550	0,995100	0,124925	49,000000
1456	0,206320	0,403200	0,996100	0,124500	39,000000
1457	0,202454	0,400775	0,996600	0,126600	34,000000
1458	0,202649	0,400400	0,995100	0,125650	49,000000
1459	0,211184	0,399275	0,993900	0,124250	61,000000
1460	0,208218	0,402400	0,994600	0,124375	54,000000
1461	0,207568	0,398900	0,994500	0,125500	55,000000
1462	0,204115	0,394775	0,995700	0,124500	43,000000
1463	0,198494	0,405825	0,996500	0,124350	35,000000
1464	0,199281	0,410450	0,995900	0,125325	41,000000
1465	0,200242	0,408375	0,995400	0,125250	46,000000
1466	0,204464	0,408375	0,994600	0,125525	54,000000
1467	0,203367	0,405500	0,994200	0,123725	58,000000
1468	0,201936	0,403650	0,996100	0,124775	39,000000
1469	0,202253	0,395650	0,994800	0,124425	52,000000
1470	0,198503	0,405000	0,995900	0,123925	41,000000
1471	0,508851	0,437700	0,995300	0,125800	47,000000
1472	0,348480	0,448375	0,990900	0,124025	91,000000
1473	0,282730	0,437500	0,991000	0,125725	90,000000
1474	0,262962	0,428450	0,989300	0,124700	107,000000
1475	0,248894	0,415100	0,991600	0,124975	84,000000
1476	0,243264	0,417925	0,992000	0,126125	80,000000
1477	0,229038	0,406300	0,993300	0,125825	67,000000
1478	0,228067	0,397500	0,993000	0,124375	70,000000
1479	0,227164	0,394050	0,992800	0,125625	72,000000
1480	0,223592	0,396425	0,992700	0,125100	73,000000
1481	0,221592	0,399300	0,993200	0,124925	68,000000
1482	0,220602	0,396175	0,993400	0,124225	66,000000
1483	0,213913	0,401900	0,994200	0,126950	58,000000
1484	0,221475	0,398825	0,992300	0,125275	77,000000
1485	0,217174	0,396000	0,994000	0,124125	60,000000
1486	0,214828	0,394600	0,993900	0,124925	61,000000
1487	0,215995	0,393850	0,994100	0,124350	59,000000
1488	0,211027	0,391175	0,995300	0,125175	47,000000
1489	0,211323	0,396325	0,993900	0,125325	61,000000
1490	0,204857	0,401000	0,995200	0,124825	48,000000
1491	0,209768	0,409075	0,994500	0,125300	55,000000
1492	0,205377	0,410650	0,994500	0,124050	55,000000
1493	0,208240	0,400250	0,994100	0,124150	59,000000
1494	0,204434	0,394300	0,995600	0,124625	44,000000
1495	0,206186	0,398425	0,994700	0,125425	53,000000
1496	0,206151	0,400375	0,995300	0,126225	47,000000
1497	0,203420	0,398025	0,994700	0,125475	53,000000
1498	0,204193	0,398275	0,994300	0,125475	57,000000
1499	0,205002	0,396100	0,995300	0,124000	47,000000
1500	0,209749	0,391750	0,994100	0,127325	59,000000
